#VRML V2.0 utf8
# 3D model generated by easyeda2kicad.py (https://github.com/uPesy/easyeda2kicad.py)

Shape{
    appearance Appearance {
        material  Material 	{
            diffuseColor 1.0 1.0 0.0
            specularColor 0.5019607843137255 0.5019607843137255 0.0
            ambientIntensity 0.2
            transparency 0
            shininess 0.5
        }
    }
    geometry IndexedFaceSet {
        ccw TRUE
        solid FALSE
        coord DEF co Coordinate {
            point [
                -1.2598 3.937 -0.5512, -1.4961 3.937 -0.5512, -1.2598 3.937 0.6811, -1.4961 3.937 0.6811, -1.2598 3.8189 -0.5512, -1.4961 3.8189 -0.5512, -1.2598 3.8189 0.6811, -1.4961 3.8189 0.6811, -1.2598 3.7795 0.7205, -1.4961 3.7795 0.7205, -1.2598 3.7897 0.7191, -1.4961 3.7897 0.7191, -1.2598 3.7992 0.7152, -1.4961 3.7992 0.7152, -1.2598 3.8074 0.7089, -1.4961 3.8074 0.7089, -1.2598 3.8136 0.7008, -1.4961 3.8136 0.7008, -1.2598 3.8176 0.6913, -1.4961 3.8176 0.6913, -1.5748 3.0709 0.7205, -1.5748 3.5433 0.7205, -1.1811 3.0709 0.7205, -1.4961 3.5433 0.7205, -1.1811 3.5433 0.7205, -1.2598 3.5433 0.7205, -1.1811 3.0709 0.8386, -1.5748 3.0709 0.8386, -1.4961 3.5433 0.8386, -1.5748 3.5433 0.8386, -1.1811 3.5433 0.8386, -1.2598 3.5433 0.8386, -1.2598 3.7795 0.8386, -1.4961 3.7795 0.8386, -1.4961 3.9331 0.7161, -1.2598 3.9331 0.7161, -1.4961 3.9214 0.7494, -1.2598 3.9214 0.7494, -1.4961 3.9027 0.7793, -1.2598 3.9027 0.7793, -1.4961 3.8777 0.8042, -1.2598 3.8777 0.8042, -1.4961 3.8479 0.823, -1.2598 3.8479 0.823, -1.4961 3.8146 0.8346, -1.2598 3.8146 0.8346, -0.2756 3.937 -0.5512, -0.5118 3.937 -0.5512, -0.2756 3.937 0.6811, -0.5118 3.937 0.6811, -0.2756 3.8189 -0.5512, -0.5118 3.8189 -0.5512, -0.2756 3.8189 0.6811, -0.5118 3.8189 0.6811, -0.2756 3.7795 0.7205, -0.5118 3.7795 0.7205, -0.2756 3.7897 0.7191, -0.5118 3.7897 0.7191, -0.2756 3.7992 0.7152, -0.5118 3.7992 0.7152, -0.2756 3.8074 0.7089, -0.5118 3.8074 0.7089, -0.2756 3.8136 0.7008, -0.5118 3.8136 0.7008, -0.2756 3.8176 0.6913, -0.5118 3.8176 0.6913, -0.5906 3.0709 0.7205, -0.5906 3.5433 0.7205, -0.1969 3.0709 0.7205, -0.5118 3.5433 0.7205, -0.1969 3.5433 0.7205, -0.2756 3.5433 0.7205, -0.1969 3.0709 0.8386, -0.5906 3.0709 0.8386, -0.5118 3.5433 0.8386, -0.5906 3.5433 0.8386, -0.1969 3.5433 0.8386, -0.2756 3.5433 0.8386, -0.2756 3.7795 0.8386, -0.5118 3.7795 0.8386, -0.5118 3.9331 0.7161, -0.2756 3.9331 0.7161, -0.5118 3.9214 0.7494, -0.2756 3.9214 0.7494, -0.5118 3.9027 0.7793, -0.2756 3.9027 0.7793, -0.5118 3.8777 0.8042, -0.2756 3.8777 0.8042, -0.5118 3.8479 0.823, -0.2756 3.8479 0.823, -0.5118 3.8146 0.8346, -0.2756 3.8146 0.8346, 0.5118 3.937 -0.5512, 0.2756 3.937 -0.5512, 0.5118 3.937 0.6811, 0.2756 3.937 0.6811, 0.2756 3.8189 -0.5512, 0.5118 3.8189 -0.5512, 0.2756 3.8189 0.6811, 0.5118 3.8189 0.6811, 0.2756 3.8176 0.6913, 0.5118 3.8176 0.6913, 0.2756 3.8136 0.7008, 0.5118 3.8136 0.7008, 0.2756 3.8074 0.7089, 0.5118 3.8074 0.7089, 0.2756 3.7992 0.7152, 0.5118 3.7992 0.7152, 0.2756 3.7897 0.7191, 0.5118 3.7897 0.7191, 0.2756 3.7795 0.7205, 0.5118 3.7795 0.7205, 0.1969 3.0709 0.7205, 0.1969 3.5433 0.7205, 0.5906 3.0709 0.7205, 0.2756 3.5433 0.7205, 0.5906 3.5433 0.7205, 0.5118 3.5433 0.7205, 0.1969 3.0709 0.8386, 0.5906 3.0709 0.8386, 0.2756 3.5433 0.8386, 0.1969 3.5433 0.8386, 0.5906 3.5433 0.8386, 0.5118 3.5433 0.8386, 0.5118 3.7795 0.8386, 0.2756 3.7795 0.8386, 0.5118 3.8146 0.8346, 0.2756 3.8146 0.8346, 0.5118 3.8479 0.823, 0.2756 3.8479 0.823, 0.5118 3.8777 0.8042, 0.2756 3.8777 0.8042, 0.5118 3.9027 0.7793, 0.2756 3.9027 0.7793, 0.5118 3.9214 0.7494, 0.2756 3.9214 0.7494, 0.5118 3.9331 0.7161, 0.2756 3.9331 0.7161, 1.4961 3.937 -0.5512, 1.2598 3.937 -0.5512, 1.4961 3.937 0.6811, 1.2598 3.937 0.6811, 1.2598 3.8189 -0.5512, 1.4961 3.8189 -0.5512, 1.2598 3.8189 0.6811, 1.4961 3.8189 0.6811, 1.2598 3.8176 0.6913, 1.4961 3.8176 0.6913, 1.2598 3.8136 0.7008, 1.4961 3.8136 0.7008, 1.2598 3.8074 0.7089, 1.4961 3.8074 0.7089, 1.2598 3.7992 0.7152, 1.4961 3.7992 0.7152, 1.2598 3.7897 0.7191, 1.4961 3.7897 0.7191, 1.2598 3.7795 0.7205, 1.4961 3.7795 0.7205, 1.1811 3.0709 0.7205, 1.1811 3.5433 0.7205, 1.5748 3.0709 0.7205, 1.2598 3.5433 0.7205, 1.5748 3.5433 0.7205, 1.4961 3.5433 0.7205, 1.1811 3.0709 0.8386, 1.5748 3.0709 0.8386, 1.2598 3.5433 0.8386, 1.1811 3.5433 0.8386, 1.5748 3.5433 0.8386, 1.4961 3.5433 0.8386, 1.4961 3.7795 0.8386, 1.2598 3.7795 0.8386, 1.4961 3.8146 0.8346, 1.2598 3.8146 0.8346, 1.4961 3.8479 0.823, 1.2598 3.8479 0.823, 1.4961 3.8777 0.8042, 1.2598 3.8777 0.8042, 1.4961 3.9027 0.7793, 1.2598 3.9027 0.7793, 1.4961 3.9214 0.7494, 1.2598 3.9214 0.7494, 1.4961 3.9331 0.7161, 1.2598 3.9331 0.7161, 1.2598 3.9331 0.7161
            ]
        }
        coordIndex [
            0,1,2,-1,2,1,3,-1,0,4,1,-1,1,4,5,-1,4,6,5,-1,5,6,7,-1,8,9,10,-1,10,9,11,-1,10,11,12,-1,12,11,13,-1,12,13,14,-1,14,13,15,-1,14,15,16,-1,16,15,17,-1,16,17,18,-1,18,17,19,-1,18,19,6,-1,6,19,7,-1,20,21,22,-1,22,21,23,-1,24,22,25,-1,25,22,23,-1,25,23,8,-1,8,23,9,-1,22,26,20,-1,20,26,27,-1,28,29,27,-1,26,30,31,-1,32,33,31,-1,31,33,28,-1,31,28,26,-1,26,28,27,-1,2,3,34,-1,2,34,35,-1,35,34,36,-1,35,36,37,-1,37,36,38,-1,37,38,39,-1,39,38,40,-1,39,40,41,-1,41,40,42,-1,41,42,43,-1,43,42,44,-1,43,44,45,-1,45,44,33,-1,45,33,32,-1,26,22,30,-1,30,22,24,-1,27,29,20,-1,20,29,21,-1,13,40,15,-1,15,40,38,-1,15,38,17,-1,17,38,36,-1,17,36,19,-1,19,36,34,-1,19,34,7,-1,7,34,3,-1,7,3,5,-1,5,3,1,-1,23,28,9,-1,9,28,33,-1,9,33,11,-1,11,33,44,-1,11,44,13,-1,13,44,42,-1,13,42,40,-1,29,28,21,-1,21,28,23,-1,4,0,6,-1,6,0,2,-1,6,2,18,-1,18,2,35,-1,18,35,16,-1,16,35,37,-1,16,37,14,-1,37,39,14,-1,14,39,41,-1,14,41,12,-1,12,41,43,-1,12,43,10,-1,10,43,45,-1,10,45,8,-1,8,45,32,-1,8,32,25,-1,25,32,31,-1,31,30,25,-1,25,30,24,-1,46,47,48,-1,48,47,49,-1,46,50,47,-1,47,50,51,-1,50,52,51,-1,51,52,53,-1,54,55,56,-1,56,55,57,-1,56,57,58,-1,58,57,59,-1,58,59,60,-1,60,59,61,-1,60,61,62,-1,62,61,63,-1,62,63,64,-1,64,63,65,-1,64,65,52,-1,52,65,53,-1,66,67,68,-1,68,67,69,-1,70,68,71,-1,71,68,69,-1,71,69,54,-1,54,69,55,-1,68,72,66,-1,66,72,73,-1,74,75,73,-1,72,76,77,-1,78,79,77,-1,77,79,74,-1,77,74,72,-1,72,74,73,-1,48,49,80,-1,48,80,81,-1,81,80,82,-1,81,82,83,-1,83,82,84,-1,83,84,85,-1,85,84,86,-1,85,86,87,-1,87,86,88,-1,87,88,89,-1,89,88,90,-1,89,90,91,-1,91,90,79,-1,91,79,78,-1,72,68,76,-1,76,68,70,-1,73,75,66,-1,66,75,67,-1,59,86,61,-1,61,86,84,-1,61,84,63,-1,63,84,82,-1,63,82,65,-1,65,82,80,-1,65,80,53,-1,53,80,49,-1,53,49,51,-1,51,49,47,-1,69,74,55,-1,55,74,79,-1,55,79,57,-1,57,79,90,-1,57,90,59,-1,59,90,88,-1,59,88,86,-1,75,74,67,-1,67,74,69,-1,50,46,52,-1,52,46,48,-1,52,48,64,-1,64,48,81,-1,64,81,62,-1,62,81,83,-1,62,83,60,-1,83,85,60,-1,60,85,87,-1,60,87,58,-1,58,87,89,-1,58,89,56,-1,56,89,91,-1,56,91,54,-1,54,91,78,-1,54,78,71,-1,71,78,77,-1,77,76,71,-1,71,76,70,-1,92,93,94,-1,94,93,95,-1,96,93,97,-1,97,93,92,-1,98,96,99,-1,99,96,97,-1,98,99,100,-1,100,99,101,-1,100,101,102,-1,102,101,103,-1,102,103,104,-1,104,103,105,-1,104,105,106,-1,106,105,107,-1,106,107,108,-1,108,107,109,-1,108,109,110,-1,110,109,111,-1,112,113,114,-1,114,113,115,-1,116,114,117,-1,117,114,115,-1,117,115,111,-1,111,115,110,-1,118,112,119,-1,119,112,114,-1,120,121,118,-1,119,122,123,-1,124,125,123,-1,123,125,120,-1,123,120,119,-1,119,120,118,-1,125,124,126,-1,125,126,127,-1,127,126,128,-1,127,128,129,-1,129,128,130,-1,129,130,131,-1,131,130,132,-1,131,132,133,-1,133,132,134,-1,133,134,135,-1,135,134,136,-1,135,136,137,-1,137,136,94,-1,137,94,95,-1,112,118,113,-1,113,118,121,-1,122,119,116,-1,116,119,114,-1,123,117,124,-1,124,117,111,-1,124,111,126,-1,126,111,109,-1,126,109,128,-1,128,109,107,-1,128,107,130,-1,130,107,105,-1,97,92,99,-1,99,92,94,-1,99,94,101,-1,101,94,136,-1,101,136,103,-1,103,136,134,-1,103,134,105,-1,105,134,132,-1,105,132,130,-1,123,122,117,-1,117,122,116,-1,93,96,95,-1,95,96,98,-1,95,98,137,-1,137,98,100,-1,137,100,135,-1,135,100,102,-1,135,102,133,-1,133,102,104,-1,133,104,131,-1,131,104,106,-1,115,120,110,-1,110,120,125,-1,110,125,108,-1,108,125,127,-1,108,127,106,-1,106,127,129,-1,106,129,131,-1,121,120,113,-1,113,120,115,-1,138,139,140,-1,140,139,141,-1,142,139,143,-1,143,139,138,-1,144,142,145,-1,145,142,143,-1,144,145,146,-1,146,145,147,-1,146,147,148,-1,148,147,149,-1,148,149,150,-1,150,149,151,-1,150,151,152,-1,152,151,153,-1,152,153,154,-1,154,153,155,-1,154,155,156,-1,156,155,157,-1,158,159,160,-1,160,159,161,-1,162,160,163,-1,163,160,161,-1,163,161,157,-1,157,161,156,-1,164,158,165,-1,165,158,160,-1,166,167,164,-1,165,168,169,-1,170,171,169,-1,169,171,166,-1,169,166,165,-1,165,166,164,-1,171,170,172,-1,171,172,173,-1,173,172,174,-1,173,174,175,-1,175,174,176,-1,175,176,177,-1,177,176,178,-1,177,178,179,-1,179,178,180,-1,179,180,181,-1,181,180,182,-1,181,182,183,-1,183,182,140,-1,183,140,141,-1,158,164,159,-1,159,164,167,-1,168,165,162,-1,162,165,160,-1,169,163,170,-1,170,163,157,-1,170,157,172,-1,172,157,155,-1,172,155,174,-1,174,155,153,-1,174,153,176,-1,176,153,151,-1,143,138,145,-1,145,138,140,-1,145,140,147,-1,147,140,182,-1,147,182,149,-1,149,182,180,-1,149,180,151,-1,151,180,178,-1,151,178,176,-1,169,168,163,-1,163,168,162,-1,139,142,141,-1,141,142,144,-1,141,144,183,-1,183,144,146,-1,183,146,181,-1,181,146,148,-1,181,148,179,-1,179,148,150,-1,179,150,177,-1,177,150,152,-1,161,166,156,-1,156,166,171,-1,156,171,154,-1,154,171,173,-1,154,173,152,-1,152,173,175,-1,152,175,177,-1,167,166,159,-1,159,166,161,-1,
        ]
    }
}
Shape{
    appearance Appearance {
        material  Material 	{
            diffuseColor 1.0 1.0 1.0
            specularColor 0.5019607843137255 0.5019607843137255 0.5019607843137255
            ambientIntensity 0.2
            transparency 0
            shininess 0.5
        }
    }
    geometry IndexedFaceSet {
        ccw TRUE
        solid FALSE
        coord DEF co Coordinate {
            point [
                -2.2047 0.0984 0.748, -2.2441 0.0984 1.5748, -2.2441 0.0984 0.1969, 2.2047 0.0984 0.748, 2.1654 0.0984 1.6535, -2.1654 0.0984 1.6535, -2.1857 0.0984 1.6509, -2.2047 0.0984 1.643, -2.221 0.0984 1.6305, -2.2335 0.0984 1.6142, -2.2414 0.0984 1.5952, 2.2047 0.0984 1.643, 2.2414 0.0984 1.5952, 2.221 0.0984 1.6305, 2.2335 0.0984 1.6142, 2.1857 0.0984 1.6509, 2.2441 0.0984 1.5748, 2.2441 0.0984 0.1969, 2.2047 0.0984 0.1969, 2.2414 0.0984 0.1765, 2.2034 0.0984 0.1867, 2.2335 0.0984 0.1575, 2.1995 0.0984 0.1772, 2.221 0.0984 0.1412, 2.1932 0.0984 0.169, 2.2047 0.0984 0.1287, 2.185 0.0984 0.1628, 2.1857 0.0984 0.1208, 2.1755 0.0984 0.1588, 2.1654 0.0984 0.1181, 2.1654 0.0984 0.1575, -2.1654 0.0984 0.1181, -2.1654 0.0984 0.1575, -2.1857 0.0984 0.1208, -2.1755 0.0984 0.1588, -2.2047 0.0984 0.1287, -2.185 0.0984 0.1628, -2.221 0.0984 0.1412, -2.1932 0.0984 0.169, -2.2335 0.0984 0.1575, -2.1995 0.0984 0.1772, -2.2414 0.0984 0.1765, -2.2034 0.0984 0.1867, -2.2047 0.0984 0.1969, -2.2441 3.4646 0.5236, -2.2441 3.4646 1.5748, -1.5748 3.4646 1.2323, -2.2414 3.4646 1.5952, -2.2047 3.4646 1.643, -2.1857 3.4646 1.6509, -2.1654 3.4646 1.6535, -1.1811 3.4646 1.2323, -0.5906 3.4646 1.2323, -0.5906 3.4646 0.6417, -1.1811 3.4646 0.6417, -2.2335 3.4646 1.6142, -2.221 3.4646 1.6305, -1.5748 3.4646 0.6417, 2.2441 3.4646 0.5236, -0.1969 3.4646 0.6417, 0.5906 3.4646 1.2323, 0.1969 3.4646 1.2323, 0.5906 3.4646 0.6417, 1.1811 3.4646 1.2323, 1.1811 3.4646 0.6417, 1.5748 3.4646 0.6417, 2.2441 3.4646 1.5748, 1.5748 3.4646 1.2323, 2.2414 3.4646 1.5952, 0.1969 3.4646 0.6417, -0.1969 3.4646 1.2323, 2.1654 3.4646 1.6535, 2.1857 3.4646 1.6509, 2.2047 3.4646 1.643, 2.221 3.4646 1.6305, 2.2335 3.4646 1.6142, 2.2441 1.8701 0.5236, 2.2441 1.8701 0.1969, 0.8022 3.137 0.5236, 0.7675 3.1104 0.5236, -1.0307 3.0758 0.5236, -1.0041 3.1104 0.5236, -0.9695 3.137 0.5236, -1.0474 3.0354 0.5236, -1.0531 2.9921 0.5236, -2.2441 1.8701 0.5236, -1.0474 2.9488 0.5236, -1.0307 2.9085 0.5236, -1.0041 2.8738 0.5236, -0.9695 2.8472 0.5236, 1.0307 2.9085 0.5236, 1.0474 2.9488 0.5236, 1.0474 3.0354 0.5236, 1.0307 3.0758 0.5236, 1.0041 3.1104 0.5236, 0.9695 3.137 0.5236, -0.7409 3.0758 0.5236, -0.7675 3.1104 0.5236, 0.7409 3.0758 0.5236, -0.8022 3.137 0.5236, 0.9291 3.1537 0.5236, 0.8858 3.1594 0.5236, 0.8425 3.1537 0.5236, -0.7409 2.9085 0.5236, -0.7675 2.8738 0.5236, -0.8022 2.8472 0.5236, 1.0531 2.9921 0.5236, -0.8425 3.1537 0.5236, -0.8858 3.1594 0.5236, -0.9291 3.1537 0.5236, -0.9291 2.8305 0.5236, -0.8858 2.8248 0.5236, -0.8425 2.8305 0.5236, 0.7675 2.8738 0.5236, 0.8022 2.8472 0.5236, 0.8425 2.8305 0.5236, 0.8858 2.8248 0.5236, 0.9291 2.8305 0.5236, -0.7242 3.0354 0.5236, 0.7242 3.0354 0.5236, -0.7185 2.9921 0.5236, 0.7185 2.9921 0.5236, -0.7242 2.9488 0.5236, 0.7242 2.9488 0.5236, 0.7409 2.9085 0.5236, 0.9695 2.8472 0.5236, 1.0041 2.8738 0.5236, -2.2441 1.8701 0.1969, -2.2414 1.8701 0.1765, -2.2335 1.8701 0.1575, -2.221 1.8701 0.1412, -2.2047 1.8701 0.1287, -2.1857 1.8701 0.1208, -2.1654 1.8701 0.1181, 2.1654 1.8701 0.1181, 2.1857 1.8701 0.1208, 2.2047 1.8701 0.1287, 2.221 1.8701 0.1412, 2.2335 1.8701 0.1575, 2.2414 1.8701 0.1765, 2.2047 -3.7402 0.748, -2.2047 -3.7402 0.748, 2.2047 -3.937 0.5512, 2.2047 -3.937 0.1969, 2.1654 -3.937 0.1575, 2.1755 -3.937 0.1588, 2.185 -3.937 0.1628, 2.1932 -3.937 0.169, 2.1995 -3.937 0.1772, 2.2034 -3.937 0.1867, -2.1654 -3.937 0.1575, -2.2047 -3.937 0.1969, -2.2034 -3.937 0.1867, -2.1995 -3.937 0.1772, -2.1932 -3.937 0.169, -2.185 -3.937 0.1628, -2.1755 -3.937 0.1588, -2.2047 -3.937 0.5512, 0.8425 3.1537 0.2087, 0.8022 3.137 0.2087, 0.7675 3.1104 0.2087, 0.7409 3.0758 0.2087, 0.7242 3.0354 0.2087, 0.7185 2.9921 0.2087, 0.7242 2.9488 0.2087, 0.7409 2.9085 0.2087, 0.7675 2.8738 0.2087, 0.8022 2.8472 0.2087, 0.8425 2.8305 0.2087, 0.8858 2.8248 0.2087, 0.9291 2.8305 0.2087, 0.9695 2.8472 0.2087, 1.0041 2.8738 0.2087, 1.0307 2.9085 0.2087, 1.0474 2.9488 0.2087, 1.0531 2.9921 0.2087, 1.0474 3.0354 0.2087, 1.0307 3.0758 0.2087, 1.0041 3.1104 0.2087, 0.9695 3.137 0.2087, 0.9291 3.1537 0.2087, 0.8858 3.1594 0.2087, 0.9498 2.8813 0.1693, 0.9189 2.8685 0.1693, 0.8858 2.9921 0.1693, 0.8858 2.8642 0.1693, 0.8527 2.8685 0.1693, 1.0094 2.959 0.1693, 0.9966 2.9281 0.1693, 0.9763 2.9016 0.1693, 0.9966 3.0561 0.1693, 1.0094 3.0252 0.1693, 1.0138 2.9921 0.1693, 0.9189 3.1157 0.1693, 0.9498 3.1029 0.1693, 0.9763 3.0826 0.1693, 0.8219 3.1029 0.1693, 0.8527 3.1157 0.1693, 0.8858 3.1201 0.1693, 0.7622 3.0252 0.1693, 0.775 3.0561 0.1693, 0.7954 3.0826 0.1693, 0.775 2.9281 0.1693, 0.7622 2.959 0.1693, 0.7579 2.9921 0.1693, 0.8219 2.8813 0.1693, 0.7954 2.9016 0.1693, -0.9291 3.1537 0.2087, -0.9695 3.137 0.2087, -1.0041 3.1104 0.2087, -1.0307 3.0758 0.2087, -1.0474 3.0354 0.2087, -1.0531 2.9921 0.2087, -1.0474 2.9488 0.2087, -1.0307 2.9085 0.2087, -1.0041 2.8738 0.2087, -0.9695 2.8472 0.2087, -0.9291 2.8305 0.2087, -0.8858 2.8248 0.2087, -0.8425 2.8305 0.2087, -0.8022 2.8472 0.2087, -0.7675 2.8738 0.2087, -0.7409 2.9085 0.2087, -0.7242 2.9488 0.2087, -0.7185 2.9921 0.2087, -0.7242 3.0354 0.2087, -0.7409 3.0758 0.2087, -0.7675 3.1104 0.2087, -0.8022 3.137 0.2087, -0.8425 3.1537 0.2087, -0.8858 3.1594 0.2087, -0.9498 3.1029 0.1693, -0.9189 3.1157 0.1693, -0.8858 2.9921 0.1693, -0.8858 3.1201 0.1693, -0.8527 3.1157 0.1693, -1.0094 3.0252 0.1693, -0.9966 3.0561 0.1693, -0.9763 3.0826 0.1693, -0.9966 2.9281 0.1693, -1.0094 2.959 0.1693, -1.0138 2.9921 0.1693, -0.9189 2.8685 0.1693, -0.9498 2.8813 0.1693, -0.9763 2.9016 0.1693, -0.8219 2.8813 0.1693, -0.8527 2.8685 0.1693, -0.8858 2.8642 0.1693, -0.7622 2.959 0.1693, -0.775 2.9281 0.1693, -0.7954 2.9016 0.1693, -0.775 3.0561 0.1693, -0.7622 3.0252 0.1693, -0.7579 2.9921 0.1693, -0.8219 3.1029 0.1693, -0.7954 3.0826 0.1693, -0.9288 3.1525 0.1985, -0.9688 3.1359 0.1985, -1.0032 3.1095 0.1985, -1.0296 3.0751 0.1985, -1.0462 3.0351 0.1985, -1.0518 2.9921 0.1985, -1.0462 2.9492 0.1985, -1.0296 2.9091 0.1985, -1.0032 2.8748 0.1985, -0.9688 2.8484 0.1985, -0.9288 2.8318 0.1985, -0.8858 2.8261 0.1985, -0.8429 2.8318 0.1985, -0.8028 2.8484 0.1985, -0.7685 2.8748 0.1985, -0.7421 2.9091 0.1985, -0.7255 2.9492 0.1985, -0.7198 2.9921 0.1985, -0.7255 3.0351 0.1985, -0.7421 3.0751 0.1985, -0.7685 3.1095 0.1985, -0.8028 3.1359 0.1985, -0.8429 3.1525 0.1985, -0.8858 3.1581 0.1985, -0.9278 3.1487 0.189, -0.9669 3.1325 0.189, -1.0004 3.1067 0.189, -1.0262 3.0732 0.189, -1.0424 3.0341 0.189, -1.0479 2.9921 0.189, -1.0424 2.9502 0.189, -1.0262 2.9111 0.189, -1.0004 2.8775 0.189, -0.9669 2.8518 0.189, -0.9278 2.8356 0.189, -0.8858 2.8301 0.189, -0.8439 2.8356 0.189, -0.8048 2.8518 0.189, -0.7712 2.8775 0.189, -0.7455 2.9111 0.189, -0.7293 2.9502 0.189, -0.7238 2.9921 0.189, -0.7293 3.0341 0.189, -0.7455 3.0732 0.189, -0.7712 3.1067 0.189, -0.8048 3.1325 0.189, -0.8439 3.1487 0.189, -0.8858 3.1542 0.189, -0.9261 3.1426 0.1808, -0.9637 3.127 0.1808, -0.996 3.1023 0.1808, -1.0207 3.07 0.1808, -1.0363 3.0324 0.1808, -1.0416 2.9921 0.1808, -1.0363 2.9518 0.1808, -1.0207 2.9142 0.1808, -0.996 2.882 0.1808, -0.9637 2.8572 0.1808, -0.9261 2.8416 0.1808, -0.8858 2.8363 0.1808, -0.8455 2.8416 0.1808, -0.8079 2.8572 0.1808, -0.7757 2.882 0.1808, -0.7509 2.9142 0.1808, -0.7353 2.9518 0.1808, -0.73 2.9921 0.1808, -0.7353 3.0324 0.1808, -0.7509 3.07 0.1808, -0.7757 3.1023 0.1808, -0.8079 3.127 0.1808, -0.8455 3.1426 0.1808, -0.8858 3.1479 0.1808, -0.924 3.1347 0.1746, -0.9596 3.12 0.1746, -0.9902 3.0965 0.1746, -1.0137 3.0659 0.1746, -1.0284 3.0303 0.1746, -1.0335 2.9921 0.1746, -1.0284 2.9539 0.1746, -1.0137 2.9183 0.1746, -0.9902 2.8877 0.1746, -0.9596 2.8643 0.1746, -0.924 2.8495 0.1746, -0.8858 2.8445 0.1746, -0.8476 2.8495 0.1746, -0.812 2.8643 0.1746, -0.7814 2.8877 0.1746, -0.758 2.9183 0.1746, -0.7432 2.9539 0.1746, -0.7382 2.9921 0.1746, -0.7432 3.0303 0.1746, -0.758 3.0659 0.1746, -0.7814 3.0965 0.1746, -0.812 3.12 0.1746, -0.8476 3.1347 0.1746, -0.8858 3.1398 0.1746, -0.9216 3.1256 0.1706, -0.9549 3.1118 0.1706, -0.9835 3.0898 0.1706, -1.0055 3.0612 0.1706, -1.0193 3.0279 0.1706, -1.024 2.9921 0.1706, -1.0193 2.9564 0.1706, -1.0055 2.9231 0.1706, -0.9835 2.8944 0.1706, -0.9549 2.8725 0.1706, -0.9216 2.8587 0.1706, -0.8858 2.854 0.1706, -0.8501 2.8587 0.1706, -0.8168 2.8725 0.1706, -0.7881 2.8944 0.1706, -0.7662 2.9231 0.1706, -0.7524 2.9564 0.1706, -0.7477 2.9921 0.1706, -0.7524 3.0279 0.1706, -0.7662 3.0612 0.1706, -0.7881 3.0898 0.1706, -0.8168 3.1118 0.1706, -0.8501 3.1256 0.1706, -0.8858 3.1303 0.1706, 0.8501 2.8587 0.1706, 0.8168 2.8725 0.1706, 0.7881 2.8944 0.1706, 0.7662 2.9231 0.1706, 0.7524 2.9564 0.1706, 0.7477 2.9921 0.1706, 0.7524 3.0279 0.1706, 0.7662 3.0612 0.1706, 0.7881 3.0898 0.1706, 0.8168 3.1118 0.1706, 0.8501 3.1256 0.1706, 0.8858 3.1303 0.1706, 0.9216 3.1256 0.1706, 0.9549 3.1118 0.1706, 0.9835 3.0898 0.1706, 1.0055 3.0612 0.1706, 1.0193 3.0279 0.1706, 1.024 2.9921 0.1706, 1.0193 2.9564 0.1706, 1.0055 2.9231 0.1706, 0.9835 2.8944 0.1706, 0.9549 2.8725 0.1706, 0.9216 2.8587 0.1706, 0.8858 2.854 0.1706, 0.8476 2.8495 0.1746, 0.812 2.8643 0.1746, 0.7814 2.8877 0.1746, 0.758 2.9183 0.1746, 0.7432 2.9539 0.1746, 0.7382 2.9921 0.1746, 0.7432 3.0303 0.1746, 0.758 3.0659 0.1746, 0.7814 3.0965 0.1746, 0.812 3.12 0.1746, 0.8476 3.1347 0.1746, 0.8858 3.1398 0.1746, 0.924 3.1347 0.1746, 0.9596 3.12 0.1746, 0.9902 3.0965 0.1746, 1.0137 3.0659 0.1746, 1.0284 3.0303 0.1746, 1.0335 2.9921 0.1746, 1.0284 2.9539 0.1746, 1.0137 2.9183 0.1746, 0.9902 2.8877 0.1746, 0.9596 2.8643 0.1746, 0.924 2.8495 0.1746, 0.8858 2.8445 0.1746, 0.8455 2.8416 0.1808, 0.8079 2.8572 0.1808, 0.7757 2.882 0.1808, 0.7509 2.9142 0.1808, 0.7353 2.9518 0.1808, 0.73 2.9921 0.1808, 0.7353 3.0324 0.1808, 0.7509 3.07 0.1808, 0.7757 3.1023 0.1808, 0.8079 3.127 0.1808, 0.8455 3.1426 0.1808, 0.8858 3.1479 0.1808, 0.9261 3.1426 0.1808, 0.9637 3.127 0.1808, 0.996 3.1023 0.1808, 1.0207 3.07 0.1808, 1.0363 3.0324 0.1808, 1.0416 2.9921 0.1808, 1.0363 2.9518 0.1808, 1.0207 2.9142 0.1808, 0.996 2.882 0.1808, 0.9637 2.8572 0.1808, 0.9261 2.8416 0.1808, 0.8858 2.8363 0.1808, 0.8439 2.8356 0.189, 0.8048 2.8518 0.189, 0.7712 2.8775 0.189, 0.7455 2.9111 0.189, 0.7293 2.9502 0.189, 0.7238 2.9921 0.189, 0.7293 3.0341 0.189, 0.7455 3.0732 0.189, 0.7712 3.1067 0.189, 0.8048 3.1325 0.189, 0.8439 3.1487 0.189, 0.8858 3.1542 0.189, 0.9278 3.1487 0.189, 0.9669 3.1325 0.189, 1.0004 3.1067 0.189, 1.0262 3.0732 0.189, 1.0424 3.0341 0.189, 1.0479 2.9921 0.189, 1.0424 2.9502 0.189, 1.0262 2.9111 0.189, 1.0004 2.8775 0.189, 0.9669 2.8518 0.189, 0.9278 2.8356 0.189, 0.8858 2.8301 0.189, 0.8429 2.8318 0.1985, 0.8028 2.8484 0.1985, 0.7685 2.8748 0.1985, 0.7421 2.9091 0.1985, 0.7255 2.9492 0.1985, 0.7198 2.9921 0.1985, 0.7255 3.0351 0.1985, 0.7421 3.0751 0.1985, 0.7685 3.1095 0.1985, 0.8028 3.1359 0.1985, 0.8429 3.1525 0.1985, 0.8858 3.1581 0.1985, 0.9288 3.1525 0.1985, 0.9688 3.1359 0.1985, 1.0032 3.1095 0.1985, 1.0296 3.0751 0.1985, 1.0462 3.0351 0.1985, 1.0518 2.9921 0.1985, 1.0462 2.9492 0.1985, 1.0296 2.9091 0.1985, 1.0032 2.8748 0.1985, 0.9688 2.8484 0.1985, 0.9288 2.8318 0.1985, 0.8858 2.8261 0.1985, 0.5906 3.0709 1.2323, 0.1969 3.0709 1.2323, 0.1969 3.0709 0.6417, 0.5906 3.0709 0.6417, -0.1969 3.0709 1.2323, -0.5906 3.0709 1.2323, -0.5906 3.0709 0.6417, -0.1969 3.0709 0.6417, -1.1811 3.0709 1.2323, -1.5748 3.0709 1.2323, -1.5748 3.0709 0.6417, -1.1811 3.0709 0.6417, 1.5748 3.0709 0.6417, 1.5748 3.0709 1.2323, 1.1811 3.0709 1.2323, 1.1811 3.0709 0.6417, 1.1811 3.0709 0.6417
            ]
        }
        coordIndex [
            0,1,2,-1,3,4,0,-1,0,4,5,-1,0,5,1,-1,1,5,6,-1,1,6,7,-1,7,8,1,-1,1,8,9,-1,1,9,10,-1,11,12,13,-1,13,12,14,-1,11,15,12,-1,12,15,4,-1,12,4,16,-1,16,4,3,-1,16,3,17,-1,17,3,18,-1,17,18,19,-1,19,18,20,-1,19,20,21,-1,21,20,22,-1,21,22,23,-1,23,22,24,-1,23,24,25,-1,25,24,26,-1,25,26,27,-1,27,26,28,-1,27,28,29,-1,29,28,30,-1,29,30,31,-1,31,30,32,-1,31,32,33,-1,33,32,34,-1,33,34,35,-1,35,34,36,-1,35,36,37,-1,37,36,38,-1,37,38,39,-1,39,38,40,-1,39,40,41,-1,41,40,42,-1,41,42,2,-1,2,42,43,-1,2,43,0,-1,44,45,46,-1,46,45,47,-1,48,49,46,-1,46,49,50,-1,46,50,51,-1,52,53,54,-1,47,55,46,-1,46,55,56,-1,46,56,48,-1,46,57,44,-1,44,57,54,-1,44,54,58,-1,58,54,53,-1,58,53,59,-1,60,61,50,-1,62,60,63,-1,64,65,58,-1,58,65,66,-1,66,65,67,-1,66,67,68,-1,63,64,62,-1,62,64,58,-1,62,58,69,-1,69,58,59,-1,69,59,61,-1,61,59,70,-1,61,70,50,-1,50,70,52,-1,50,52,51,-1,51,52,54,-1,60,50,63,-1,63,50,71,-1,63,71,67,-1,67,71,72,-1,67,72,73,-1,73,74,67,-1,67,74,75,-1,67,75,68,-1,4,71,5,-1,5,71,50,-1,16,66,68,-1,16,68,12,-1,12,68,75,-1,12,75,14,-1,14,75,74,-1,14,74,13,-1,13,74,73,-1,13,73,11,-1,11,73,72,-1,11,72,15,-1,15,72,71,-1,15,71,4,-1,58,66,76,-1,76,66,16,-1,76,16,77,-1,77,16,17,-1,78,79,44,-1,80,44,81,-1,81,44,82,-1,80,83,44,-1,44,83,84,-1,44,84,85,-1,85,84,86,-1,86,87,85,-1,85,87,88,-1,85,88,89,-1,90,91,76,-1,92,93,58,-1,58,93,94,-1,58,94,95,-1,96,97,98,-1,98,97,99,-1,98,99,79,-1,95,100,58,-1,58,100,101,-1,58,101,44,-1,44,101,102,-1,44,102,78,-1,103,76,104,-1,104,76,105,-1,76,91,58,-1,58,91,106,-1,58,106,92,-1,99,107,79,-1,79,107,108,-1,79,108,44,-1,44,108,109,-1,44,109,82,-1,89,110,85,-1,85,110,111,-1,85,111,76,-1,76,111,112,-1,76,112,105,-1,113,114,103,-1,103,114,115,-1,103,115,76,-1,76,115,116,-1,76,116,117,-1,96,98,118,-1,118,98,119,-1,118,119,120,-1,120,119,121,-1,120,121,122,-1,122,121,123,-1,122,123,103,-1,103,123,124,-1,103,124,113,-1,117,125,76,-1,76,125,126,-1,76,126,90,-1,127,2,85,-1,85,2,1,-1,85,1,44,-1,44,1,45,-1,5,50,49,-1,5,49,6,-1,6,49,48,-1,6,48,7,-1,7,48,56,-1,7,56,8,-1,8,56,55,-1,8,55,9,-1,9,55,47,-1,9,47,10,-1,10,47,45,-1,10,45,1,-1,2,127,128,-1,2,128,41,-1,41,128,129,-1,41,129,39,-1,39,129,130,-1,39,130,37,-1,37,130,131,-1,37,131,35,-1,35,131,132,-1,35,132,33,-1,33,132,133,-1,33,133,31,-1,29,31,134,-1,134,31,133,-1,29,134,135,-1,29,135,27,-1,27,135,136,-1,27,136,25,-1,25,136,137,-1,25,137,23,-1,23,137,138,-1,23,138,21,-1,21,138,139,-1,21,139,19,-1,19,139,77,-1,19,77,17,-1,85,76,77,-1,128,127,133,-1,133,127,85,-1,133,85,134,-1,134,85,77,-1,131,130,129,-1,138,137,136,-1,77,139,134,-1,134,139,138,-1,134,138,135,-1,135,138,136,-1,128,133,129,-1,129,133,132,-1,129,132,131,-1,140,3,141,-1,141,3,0,-1,3,140,18,-1,18,140,142,-1,18,142,143,-1,144,30,28,-1,144,28,145,-1,145,28,26,-1,145,26,146,-1,146,26,24,-1,146,24,147,-1,147,24,22,-1,147,22,148,-1,148,22,20,-1,148,20,149,-1,149,20,18,-1,149,18,143,-1,150,32,144,-1,144,32,30,-1,151,43,42,-1,151,42,152,-1,152,42,40,-1,152,40,153,-1,153,40,38,-1,153,38,154,-1,154,38,36,-1,154,36,155,-1,155,36,34,-1,155,34,156,-1,156,34,32,-1,156,32,150,-1,141,0,157,-1,157,0,43,-1,157,43,151,-1,143,142,151,-1,151,142,157,-1,155,156,151,-1,151,156,150,-1,151,150,143,-1,152,153,151,-1,151,153,154,-1,151,154,155,-1,147,148,146,-1,146,148,145,-1,150,144,143,-1,143,144,145,-1,143,145,149,-1,149,145,148,-1,142,140,157,-1,157,140,141,-1,101,158,102,-1,102,158,159,-1,102,159,78,-1,78,159,160,-1,78,160,79,-1,79,160,161,-1,79,161,98,-1,98,161,162,-1,98,162,119,-1,119,162,163,-1,119,163,121,-1,121,163,164,-1,121,164,123,-1,123,164,165,-1,123,165,124,-1,124,165,166,-1,124,166,113,-1,113,166,167,-1,113,167,114,-1,114,167,168,-1,114,168,115,-1,115,168,169,-1,115,169,116,-1,116,169,170,-1,116,170,117,-1,117,170,171,-1,117,171,125,-1,125,171,172,-1,125,172,126,-1,126,172,173,-1,126,173,90,-1,90,173,174,-1,90,174,91,-1,91,174,175,-1,91,175,106,-1,106,175,176,-1,106,176,92,-1,92,176,177,-1,92,177,93,-1,93,177,178,-1,93,178,94,-1,94,178,179,-1,94,179,95,-1,95,179,180,-1,95,180,100,-1,100,180,181,-1,100,181,101,-1,101,181,158,-1,182,183,184,-1,184,183,185,-1,184,185,186,-1,187,188,184,-1,184,188,189,-1,184,189,182,-1,190,191,184,-1,184,191,192,-1,184,192,187,-1,193,194,184,-1,184,194,195,-1,184,195,190,-1,196,197,184,-1,184,197,198,-1,184,198,193,-1,199,200,184,-1,184,200,201,-1,184,201,196,-1,202,203,184,-1,184,203,204,-1,184,204,199,-1,186,205,184,-1,184,205,206,-1,184,206,202,-1,108,207,109,-1,109,207,208,-1,109,208,82,-1,82,208,209,-1,82,209,81,-1,81,209,210,-1,81,210,80,-1,80,210,211,-1,80,211,83,-1,83,211,212,-1,83,212,84,-1,84,212,213,-1,84,213,86,-1,86,213,214,-1,86,214,87,-1,87,214,215,-1,87,215,88,-1,88,215,216,-1,88,216,89,-1,89,216,217,-1,89,217,110,-1,110,217,218,-1,110,218,111,-1,111,218,219,-1,111,219,112,-1,112,219,220,-1,112,220,105,-1,105,220,221,-1,105,221,104,-1,104,221,222,-1,104,222,103,-1,103,222,223,-1,103,223,122,-1,122,223,224,-1,122,224,120,-1,120,224,225,-1,120,225,118,-1,118,225,226,-1,118,226,96,-1,96,226,227,-1,96,227,97,-1,97,227,228,-1,97,228,99,-1,99,228,229,-1,99,229,107,-1,107,229,230,-1,107,230,108,-1,108,230,207,-1,231,232,233,-1,233,232,234,-1,233,234,235,-1,236,237,233,-1,233,237,238,-1,233,238,231,-1,239,240,233,-1,233,240,241,-1,233,241,236,-1,242,243,233,-1,233,243,244,-1,233,244,239,-1,245,246,233,-1,233,246,247,-1,233,247,242,-1,248,249,233,-1,233,249,250,-1,233,250,245,-1,251,252,233,-1,233,252,253,-1,233,253,248,-1,235,254,233,-1,233,254,255,-1,233,255,251,-1,230,256,207,-1,207,256,257,-1,207,257,208,-1,208,257,258,-1,208,258,209,-1,209,258,259,-1,209,259,210,-1,210,259,260,-1,210,260,211,-1,211,260,261,-1,211,261,212,-1,212,261,262,-1,212,262,213,-1,213,262,263,-1,213,263,214,-1,214,263,264,-1,214,264,215,-1,215,264,265,-1,215,265,216,-1,216,265,266,-1,216,266,217,-1,217,266,267,-1,217,267,218,-1,218,267,268,-1,218,268,219,-1,219,268,269,-1,219,269,220,-1,220,269,270,-1,220,270,221,-1,221,270,271,-1,221,271,222,-1,222,271,272,-1,222,272,223,-1,223,272,273,-1,223,273,224,-1,224,273,274,-1,224,274,225,-1,225,274,275,-1,225,275,226,-1,226,275,276,-1,226,276,227,-1,227,276,277,-1,227,277,228,-1,228,277,278,-1,228,278,229,-1,229,278,279,-1,229,279,230,-1,230,279,256,-1,279,280,256,-1,256,280,281,-1,256,281,257,-1,257,281,282,-1,257,282,258,-1,258,282,283,-1,258,283,259,-1,259,283,284,-1,259,284,260,-1,260,284,285,-1,260,285,261,-1,261,285,286,-1,261,286,262,-1,262,286,287,-1,262,287,263,-1,263,287,288,-1,263,288,264,-1,264,288,289,-1,264,289,265,-1,265,289,290,-1,265,290,266,-1,266,290,291,-1,266,291,267,-1,267,291,292,-1,267,292,268,-1,268,292,293,-1,268,293,269,-1,269,293,294,-1,269,294,270,-1,270,294,295,-1,270,295,271,-1,271,295,296,-1,271,296,272,-1,272,296,297,-1,272,297,273,-1,273,297,298,-1,273,298,274,-1,274,298,299,-1,274,299,275,-1,275,299,300,-1,275,300,276,-1,276,300,301,-1,276,301,277,-1,277,301,302,-1,277,302,278,-1,278,302,303,-1,278,303,279,-1,279,303,280,-1,303,304,280,-1,280,304,305,-1,280,305,281,-1,281,305,306,-1,281,306,282,-1,282,306,307,-1,282,307,283,-1,283,307,308,-1,283,308,284,-1,284,308,309,-1,284,309,285,-1,285,309,310,-1,285,310,286,-1,286,310,311,-1,286,311,287,-1,287,311,312,-1,287,312,288,-1,288,312,313,-1,288,313,289,-1,289,313,314,-1,289,314,290,-1,290,314,315,-1,290,315,291,-1,291,315,316,-1,291,316,292,-1,292,316,317,-1,292,317,293,-1,293,317,318,-1,293,318,294,-1,294,318,319,-1,294,319,295,-1,295,319,320,-1,295,320,296,-1,296,320,321,-1,296,321,297,-1,297,321,322,-1,297,322,298,-1,298,322,323,-1,298,323,299,-1,299,323,324,-1,299,324,300,-1,300,324,325,-1,300,325,301,-1,301,325,326,-1,301,326,302,-1,302,326,327,-1,302,327,303,-1,303,327,304,-1,327,328,304,-1,304,328,329,-1,304,329,305,-1,305,329,330,-1,305,330,306,-1,306,330,331,-1,306,331,307,-1,307,331,332,-1,307,332,308,-1,308,332,333,-1,308,333,309,-1,309,333,334,-1,309,334,310,-1,310,334,335,-1,310,335,311,-1,311,335,336,-1,311,336,312,-1,312,336,337,-1,312,337,313,-1,313,337,338,-1,313,338,314,-1,314,338,339,-1,314,339,315,-1,315,339,340,-1,315,340,316,-1,316,340,341,-1,316,341,317,-1,317,341,342,-1,317,342,318,-1,318,342,343,-1,318,343,319,-1,319,343,344,-1,319,344,320,-1,320,344,345,-1,320,345,321,-1,321,345,346,-1,321,346,322,-1,322,346,347,-1,322,347,323,-1,323,347,348,-1,323,348,324,-1,324,348,349,-1,324,349,325,-1,325,349,350,-1,325,350,326,-1,326,350,351,-1,326,351,327,-1,327,351,328,-1,351,352,328,-1,328,352,353,-1,328,353,329,-1,329,353,354,-1,329,354,330,-1,330,354,355,-1,330,355,331,-1,331,355,356,-1,331,356,332,-1,332,356,357,-1,332,357,333,-1,333,357,358,-1,333,358,334,-1,334,358,359,-1,334,359,335,-1,335,359,360,-1,335,360,336,-1,336,360,361,-1,336,361,337,-1,337,361,362,-1,337,362,338,-1,338,362,363,-1,338,363,339,-1,339,363,364,-1,339,364,340,-1,340,364,365,-1,340,365,341,-1,341,365,366,-1,341,366,342,-1,342,366,367,-1,342,367,343,-1,343,367,368,-1,343,368,344,-1,344,368,369,-1,344,369,345,-1,345,369,370,-1,345,370,346,-1,346,370,371,-1,346,371,347,-1,347,371,372,-1,347,372,348,-1,348,372,373,-1,348,373,349,-1,349,373,374,-1,349,374,350,-1,350,374,375,-1,350,375,351,-1,351,375,352,-1,375,232,352,-1,352,232,231,-1,352,231,353,-1,353,231,238,-1,353,238,354,-1,354,238,237,-1,354,237,355,-1,355,237,236,-1,355,236,356,-1,356,236,241,-1,356,241,357,-1,357,241,240,-1,357,240,358,-1,358,240,239,-1,358,239,359,-1,359,239,244,-1,359,244,360,-1,360,244,243,-1,360,243,361,-1,361,243,242,-1,361,242,362,-1,362,242,247,-1,362,247,363,-1,363,247,246,-1,363,246,364,-1,364,246,245,-1,364,245,365,-1,365,245,250,-1,365,250,366,-1,366,250,249,-1,366,249,367,-1,367,249,248,-1,367,248,368,-1,368,248,253,-1,368,253,369,-1,369,253,252,-1,369,252,370,-1,370,252,251,-1,370,251,371,-1,371,251,255,-1,371,255,372,-1,372,255,254,-1,372,254,373,-1,373,254,235,-1,373,235,374,-1,374,235,234,-1,374,234,375,-1,375,234,232,-1,185,376,186,-1,186,376,377,-1,186,377,205,-1,205,377,378,-1,205,378,206,-1,206,378,379,-1,206,379,202,-1,202,379,380,-1,202,380,203,-1,203,380,381,-1,203,381,204,-1,204,381,382,-1,204,382,199,-1,199,382,383,-1,199,383,200,-1,200,383,384,-1,200,384,201,-1,201,384,385,-1,201,385,196,-1,196,385,386,-1,196,386,197,-1,197,386,387,-1,197,387,198,-1,198,387,388,-1,198,388,193,-1,193,388,389,-1,193,389,194,-1,194,389,390,-1,194,390,195,-1,195,390,391,-1,195,391,190,-1,190,391,392,-1,190,392,191,-1,191,392,393,-1,191,393,192,-1,192,393,394,-1,192,394,187,-1,187,394,395,-1,187,395,188,-1,188,395,396,-1,188,396,189,-1,189,396,397,-1,189,397,182,-1,182,397,398,-1,182,398,183,-1,183,398,399,-1,183,399,185,-1,185,399,376,-1,399,400,376,-1,376,400,401,-1,376,401,377,-1,377,401,402,-1,377,402,378,-1,378,402,403,-1,378,403,379,-1,379,403,404,-1,379,404,380,-1,380,404,405,-1,380,405,381,-1,381,405,406,-1,381,406,382,-1,382,406,407,-1,382,407,383,-1,383,407,408,-1,383,408,384,-1,384,408,409,-1,384,409,385,-1,385,409,410,-1,385,410,386,-1,386,410,411,-1,386,411,387,-1,387,411,412,-1,387,412,388,-1,388,412,413,-1,388,413,389,-1,389,413,414,-1,389,414,390,-1,390,414,415,-1,390,415,391,-1,391,415,416,-1,391,416,392,-1,392,416,417,-1,392,417,393,-1,393,417,418,-1,393,418,394,-1,394,418,419,-1,394,419,395,-1,395,419,420,-1,395,420,396,-1,396,420,421,-1,396,421,397,-1,397,421,422,-1,397,422,398,-1,398,422,423,-1,398,423,399,-1,399,423,400,-1,423,424,400,-1,400,424,425,-1,400,425,401,-1,401,425,426,-1,401,426,402,-1,402,426,427,-1,402,427,403,-1,403,427,428,-1,403,428,404,-1,404,428,429,-1,404,429,405,-1,405,429,430,-1,405,430,406,-1,406,430,431,-1,406,431,407,-1,407,431,432,-1,407,432,408,-1,408,432,433,-1,408,433,409,-1,409,433,434,-1,409,434,410,-1,410,434,435,-1,410,435,411,-1,411,435,436,-1,411,436,412,-1,412,436,437,-1,412,437,413,-1,413,437,438,-1,413,438,414,-1,414,438,439,-1,414,439,415,-1,415,439,440,-1,415,440,416,-1,416,440,441,-1,416,441,417,-1,417,441,442,-1,417,442,418,-1,418,442,443,-1,418,443,419,-1,419,443,444,-1,419,444,420,-1,420,444,445,-1,420,445,421,-1,421,445,446,-1,421,446,422,-1,422,446,447,-1,422,447,423,-1,423,447,424,-1,447,448,424,-1,424,448,449,-1,424,449,425,-1,425,449,450,-1,425,450,426,-1,426,450,451,-1,426,451,427,-1,427,451,452,-1,427,452,428,-1,428,452,453,-1,428,453,429,-1,429,453,454,-1,429,454,430,-1,430,454,455,-1,430,455,431,-1,431,455,456,-1,431,456,432,-1,432,456,457,-1,432,457,433,-1,433,457,458,-1,433,458,434,-1,434,458,459,-1,434,459,435,-1,435,459,460,-1,435,460,436,-1,436,460,461,-1,436,461,437,-1,437,461,462,-1,437,462,438,-1,438,462,463,-1,438,463,439,-1,439,463,464,-1,439,464,440,-1,440,464,465,-1,440,465,441,-1,441,465,466,-1,441,466,442,-1,442,466,467,-1,442,467,443,-1,443,467,468,-1,443,468,444,-1,444,468,469,-1,444,469,445,-1,445,469,470,-1,445,470,446,-1,446,470,471,-1,446,471,447,-1,447,471,448,-1,471,472,448,-1,448,472,473,-1,448,473,449,-1,449,473,474,-1,449,474,450,-1,450,474,475,-1,450,475,451,-1,451,475,476,-1,451,476,452,-1,452,476,477,-1,452,477,453,-1,453,477,478,-1,453,478,454,-1,454,478,479,-1,454,479,455,-1,455,479,480,-1,455,480,456,-1,456,480,481,-1,456,481,457,-1,457,481,482,-1,457,482,458,-1,458,482,483,-1,458,483,459,-1,459,483,484,-1,459,484,460,-1,460,484,485,-1,460,485,461,-1,461,485,486,-1,461,486,462,-1,462,486,487,-1,462,487,463,-1,463,487,488,-1,463,488,464,-1,464,488,489,-1,464,489,465,-1,465,489,490,-1,465,490,466,-1,466,490,491,-1,466,491,467,-1,467,491,492,-1,467,492,468,-1,468,492,493,-1,468,493,469,-1,469,493,494,-1,469,494,470,-1,470,494,495,-1,470,495,471,-1,471,495,472,-1,495,168,472,-1,472,168,167,-1,472,167,473,-1,473,167,166,-1,473,166,474,-1,474,166,165,-1,474,165,475,-1,475,165,164,-1,475,164,476,-1,476,164,163,-1,476,163,477,-1,477,163,162,-1,477,162,478,-1,478,162,161,-1,478,161,479,-1,479,161,160,-1,479,160,480,-1,480,160,159,-1,480,159,481,-1,481,159,158,-1,481,158,482,-1,482,158,181,-1,482,181,483,-1,483,181,180,-1,483,180,484,-1,484,180,179,-1,484,179,485,-1,485,179,178,-1,485,178,486,-1,486,178,177,-1,486,177,487,-1,487,177,176,-1,487,176,488,-1,488,176,175,-1,488,175,489,-1,489,175,174,-1,489,174,490,-1,490,174,173,-1,490,173,491,-1,491,173,172,-1,491,172,492,-1,492,172,171,-1,492,171,493,-1,493,171,170,-1,493,170,494,-1,494,170,169,-1,494,169,495,-1,495,169,168,-1,496,497,60,-1,60,497,61,-1,497,498,61,-1,61,498,69,-1,498,499,69,-1,69,499,62,-1,499,496,62,-1,62,496,60,-1,499,498,496,-1,496,498,497,-1,500,501,70,-1,70,501,52,-1,501,502,52,-1,52,502,53,-1,502,503,53,-1,53,503,59,-1,503,500,59,-1,59,500,70,-1,503,502,500,-1,500,502,501,-1,504,505,51,-1,51,505,46,-1,505,506,46,-1,46,506,57,-1,506,507,57,-1,57,507,54,-1,507,504,54,-1,54,504,51,-1,507,506,504,-1,504,506,505,-1,508,509,65,-1,65,509,67,-1,509,510,67,-1,67,510,63,-1,510,511,63,-1,63,511,64,-1,511,508,64,-1,64,508,65,-1,511,510,508,-1,508,510,509,-1,
        ]
    }
}
Shape{
    appearance Appearance {
        material  Material 	{
            diffuseColor 1.0 1.0 0.0
            specularColor 0.5019607843137255 0.5019607843137255 0.0
            ambientIntensity 0.2
            transparency 0
            shininess 0.5
        }
    }
    geometry IndexedFaceSet {
        ccw TRUE
        solid FALSE
        coord DEF co Coordinate {
            point [
                -1.5157 -0.9262 0.8404, -1.5157 0.1181 1.4433, -1.2402 -0.9262 0.8404, -1.2402 0.1181 1.4433, -1.5157 0.0984 1.4774, -1.2402 0.0984 1.4774, -1.5157 -0.9368 0.8797, -1.2402 -0.9368 0.8797, -1.5157 -2.5116 0.8797, -1.2402 -2.5116 0.8797, -1.5157 -2.9134 1.1117, -1.2402 -2.9134 1.1117, -1.5157 -3.5433 0.748, -1.2402 -3.5433 0.748, -1.5157 -3.5236 0.7139, -1.2402 -3.5236 0.7139, -1.5157 -2.9134 1.0663, -1.2402 -2.9134 1.0663, -1.5157 -2.5221 0.8404, -1.2402 -2.5221 0.8404, -0.5315 -0.9262 0.8404, -0.5315 0.1181 1.4433, -0.2559 -0.9262 0.8404, -0.2559 0.1181 1.4433, -0.5315 0.0984 1.4774, -0.2559 0.0984 1.4774, -0.5315 -0.9368 0.8797, -0.2559 -0.9368 0.8797, -0.5315 -2.5116 0.8797, -0.2559 -2.5116 0.8797, -0.5315 -2.9134 1.1117, -0.2559 -2.9134 1.1117, -0.5315 -3.5433 0.748, -0.2559 -3.5433 0.748, -0.5315 -3.5236 0.7139, -0.2559 -3.5236 0.7139, -0.5315 -2.9134 1.0663, -0.2559 -2.9134 1.0663, -0.5315 -2.5221 0.8404, -0.2559 -2.5221 0.8404, 0.5315 0.1181 1.4433, 0.5315 -0.9262 0.8404, 0.2559 0.1181 1.4433, 0.2559 -0.9262 0.8404, 0.5315 0.0984 1.4774, 0.2559 0.0984 1.4774, 0.5315 -0.9368 0.8797, 0.2559 -0.9368 0.8797, 0.5315 -2.5116 0.8797, 0.2559 -2.5116 0.8797, 0.5315 -2.9134 1.1117, 0.2559 -2.9134 1.1117, 0.5315 -3.5433 0.748, 0.2559 -3.5433 0.748, 0.5315 -3.5236 0.7139, 0.2559 -3.5236 0.7139, 0.5315 -2.9134 1.0663, 0.2559 -2.9134 1.0663, 0.5315 -2.5221 0.8404, 0.2559 -2.5221 0.8404, 1.5157 0.1181 1.4433, 1.5157 -0.9262 0.8404, 1.2402 0.1181 1.4433, 1.2402 -0.9262 0.8404, 1.5157 0.0984 1.4774, 1.2402 0.0984 1.4774, 1.5157 -0.9368 0.8797, 1.2402 -0.9368 0.8797, 1.5157 -2.5116 0.8797, 1.2402 -2.5116 0.8797, 1.5157 -2.9134 1.1117, 1.2402 -2.9134 1.1117, 1.5157 -3.5433 0.748, 1.2402 -3.5433 0.748, 1.5157 -3.5236 0.7139, 1.2402 -3.5236 0.7139, 1.5157 -2.9134 1.0663, 1.2402 -2.9134 1.0663, 1.5157 -2.5221 0.8404, 1.2402 -2.5221 0.8404, 1.2402 -2.5221 0.8404
            ]
        }
        coordIndex [
            0,1,2,-1,2,1,3,-1,1,4,3,-1,3,4,5,-1,4,6,5,-1,5,6,7,-1,6,8,7,-1,7,8,9,-1,8,10,9,-1,9,10,11,-1,10,12,11,-1,11,12,13,-1,12,14,13,-1,13,14,15,-1,14,16,15,-1,15,16,17,-1,16,18,17,-1,17,18,19,-1,18,0,19,-1,19,0,2,-1,4,1,6,-1,6,1,0,-1,6,0,8,-1,8,0,18,-1,8,18,10,-1,10,18,16,-1,10,16,12,-1,12,16,14,-1,13,15,11,-1,11,15,17,-1,11,17,9,-1,9,17,19,-1,9,19,7,-1,7,19,2,-1,7,2,5,-1,5,2,3,-1,20,21,22,-1,22,21,23,-1,21,24,23,-1,23,24,25,-1,24,26,25,-1,25,26,27,-1,26,28,27,-1,27,28,29,-1,28,30,29,-1,29,30,31,-1,30,32,31,-1,31,32,33,-1,32,34,33,-1,33,34,35,-1,34,36,35,-1,35,36,37,-1,36,38,37,-1,37,38,39,-1,38,20,39,-1,39,20,22,-1,24,21,26,-1,26,21,20,-1,26,20,28,-1,28,20,38,-1,28,38,30,-1,30,38,36,-1,30,36,32,-1,32,36,34,-1,33,35,31,-1,31,35,37,-1,31,37,29,-1,29,37,39,-1,29,39,27,-1,27,39,22,-1,27,22,25,-1,25,22,23,-1,40,41,42,-1,42,41,43,-1,44,40,45,-1,45,40,42,-1,46,44,47,-1,47,44,45,-1,48,46,49,-1,49,46,47,-1,50,48,51,-1,51,48,49,-1,52,50,53,-1,53,50,51,-1,54,52,55,-1,55,52,53,-1,56,54,57,-1,57,54,55,-1,58,56,59,-1,59,56,57,-1,41,58,43,-1,43,58,59,-1,52,54,50,-1,50,54,56,-1,50,56,48,-1,48,56,58,-1,48,58,46,-1,46,58,41,-1,46,41,44,-1,44,41,40,-1,45,42,47,-1,47,42,43,-1,47,43,49,-1,49,43,59,-1,49,59,51,-1,51,59,57,-1,51,57,53,-1,53,57,55,-1,60,61,62,-1,62,61,63,-1,64,60,65,-1,65,60,62,-1,66,64,67,-1,67,64,65,-1,68,66,69,-1,69,66,67,-1,70,68,71,-1,71,68,69,-1,72,70,73,-1,73,70,71,-1,74,72,75,-1,75,72,73,-1,76,74,77,-1,77,74,75,-1,78,76,79,-1,79,76,77,-1,61,78,63,-1,63,78,79,-1,72,74,70,-1,70,74,76,-1,70,76,68,-1,68,76,78,-1,68,78,66,-1,66,78,61,-1,66,61,64,-1,64,61,60,-1,65,62,67,-1,67,62,63,-1,67,63,69,-1,69,63,79,-1,69,79,71,-1,71,79,77,-1,71,77,73,-1,73,77,75,-1,
        ]
    }
}
Shape{
    appearance Appearance {
        material  Material 	{
            diffuseColor 0.7529411764705882 0.7529411764705882 0.7529411764705882
            specularColor 0.3764705882352941 0.3764705882352941 0.3764705882352941
            ambientIntensity 0.2
            transparency 0
            shininess 0.5
        }
    }
    geometry IndexedFaceSet {
        ccw TRUE
        solid FALSE
        coord DEF co Coordinate {
            point [
                2.3622 -3.0521 0.7112, 2.3622 -3.0521 0.6583, 2.3622 -2.9237 0.6583, 2.3622 -3.0521 0.9229, 2.3622 -3.0521 0.8837, 2.3622 -2.9237 0.8837, 2.3622 -2.7137 0.6857, 2.3622 -2.7106 0.6891, 2.3622 -2.7106 0.7112, 2.3622 -2.8726 1.0574, 2.3622 -2.8627 1.0586, 2.3622 -2.9157 1.0586, 2.3622 -2.8383 0.9237, 2.3622 -2.8469 0.9229, 2.3622 -2.8027 0.9229, 2.3622 -2.7778 1.0421, 2.3622 -2.7778 0.9994, 2.3622 -2.7418 0.9994, 2.3622 -2.7713 0.7114, 2.3622 -2.7736 0.7112, 2.3622 -2.7418 0.7112, 2.3622 -2.7996 0.7117, 2.3622 -2.8027 0.7128, 2.3622 -2.8027 0.7112, 2.3622 -2.6107 0.8304, 2.3622 -2.6107 0.7877, 2.3622 -2.5857 0.7877, 2.3622 -3.1678 0.9534, 2.3622 -3.1421 0.9316, 2.3622 -3.0521 1.0586, 2.3622 -3.2734 1.0586, 2.3622 -3.2519 1.0439, 2.3622 -3.2204 1.0074, 2.3622 -3.2007 0.969, 2.3622 -3.1961 0.9674, 2.3622 -3.3389 1.0885, 2.3622 -3.2916 1.071, 2.3622 -3.0521 1.5748, 2.3622 -3.4704 1.0713, 2.3622 -3.4265 1.0878, 2.3622 -3.8246 1.5748, 2.3622 -3.381 1.0933, 2.3622 -3.8246 1.0586, 2.3622 -3.5958 1.0118, 2.3622 -3.5584 1.0164, 2.3622 -3.8246 0.9229, 2.3622 -3.6986 0.9229, 2.3622 -3.6903 0.9416, 2.3622 -3.6675 0.9709, 2.3622 -3.4911 1.0586, 2.3622 -3.4948 1.0562, 2.3622 -3.5171 1.0372, 2.3622 -3.5475 1.0158, 2.3622 -3.5366 1.0145, 2.3622 -3.6611 0.9769, 2.3622 -3.6309 0.9981, 2.3622 -3.5964 0.7137, 2.3622 -3.6084 0.7173, 2.3622 -3.8246 0.7112, 2.3622 -3.6426 0.734, 2.3622 -3.6723 0.7593, 2.3622 -3.6939 0.7902, 2.3622 -3.7075 0.8255, 2.3622 -3.8246 0.8837, 2.3622 -3.7121 0.8627, 2.3622 -3.7118 0.8718, 2.3622 -3.7097 0.8837, 2.3622 -3.7055 0.9074, 2.3622 -3.5541 0.662, 2.3622 -3.5727 0.6759, 2.3622 -3.8246 0.6583, 2.3622 -3.5868 0.6933, 2.3622 -3.5952 0.7112, 2.3622 -3.0521 0.1969, 2.3622 -3.4832 0.652, 2.3622 -3.8246 0.1969, 2.3622 -3.5062 0.6492, 2.3622 -3.5098 0.6493, 2.3622 -3.5322 0.6528, 2.3622 -3.5455 0.6583, 2.3622 -3.4173 0.7112, 2.3622 -3.4174 0.7107, 2.3622 -3.4287 0.6896, 2.3622 -3.4432 0.6733, 2.3622 -3.4621 0.6602, 2.3622 -3.4669 0.6583, 2.3622 -3.1111 0.8757, 2.3622 -3.1068 0.8447, 2.3622 -3.2962 0.7671, 2.3622 -3.2897 0.7697, 2.3622 -3.2785 0.8238, 2.3622 -3.1419 0.7545, 2.3622 -3.1677 0.7327, 2.3622 -3.4351 0.8077, 2.3622 -3.3079 0.8741, 2.3622 -3.4517 0.8228, 2.3622 -3.4718 0.8336, 2.3622 -3.302 0.763, 2.3622 -3.123 0.7808, 2.3622 -3.1661 0.8521, 2.3622 -3.1705 0.8703, 2.3622 -3.1778 0.8837, 2.3622 -3.65 0.8837, 2.3622 -3.1111 0.8108, 2.3622 -3.2823 0.7707, 2.3622 -3.2814 0.7706, 2.3622 -3.2785 0.77, 2.3622 -3.6444 0.8267, 2.3622 -3.6331 0.8075, 2.3622 -3.5849 0.7977, 2.3622 -3.6161 0.79, 2.3622 -3.5954 0.7773, 2.3622 -3.5499 0.8291, 2.3622 -3.5692 0.8156, 2.3622 -3.6523 0.8646, 2.3622 -3.6512 0.8499, 2.3622 -3.5289 0.8371, 2.3622 -3.5062 0.8399, 2.3622 -3.4947 0.8392, 2.3622 -3.3117 0.7412, 2.3622 -3.3115 0.745, 2.3622 -3.4113 0.7536, 2.3622 -3.3096 0.7522, 2.3622 -3.3059 0.7587, 2.3622 -3.1849 0.7935, 2.3622 -3.1744 0.8083, 2.3622 -3.1679 0.8252, 2.3622 -3.1656 0.8437, 2.3622 -3.2895 0.7127, 2.3622 -3.2958 0.7152, 2.3622 -3.302 0.7195, 2.3622 -3.3042 0.7218, 2.3622 -3.3083 0.7277, 2.3622 -3.3108 0.7342, 2.3622 -3.4119 0.7342, 2.3622 -3.4113 0.7441, 2.3622 -3.1966 0.7185, 2.3622 -3.2282 0.7118, 2.3622 -3.2842 0.7118, 2.3622 -3.2766 0.7697, 2.3622 -3.2339 0.7697, 2.3622 -3.2168 0.773, 2.3622 -3.2001 0.7807, 2.3622 -3.1861 0.7922, 2.3622 -3.2472 0.9177, 2.3622 -3.6414 0.9087, 2.3622 -3.6495 0.8876, 2.3622 -3.2396 0.9177, 2.3622 -3.1794 0.8867, 2.3622 -3.1903 0.8988, 2.3622 -3.205 0.9091, 2.3622 -3.2215 0.9155, 2.3622 -3.2677 0.9748, 2.3622 -3.2891 1.0003, 2.3622 -3.5072 0.9452, 2.3622 -3.2914 1.0025, 2.3622 -3.3181 1.021, 2.3622 -3.4927 0.9753, 2.3622 -3.6315 0.9229, 2.3622 -3.5139 0.9489, 2.3622 -3.2483 0.9229, 2.3622 -3.253 0.9442, 2.3622 -3.5351 0.9567, 2.3622 -3.5575 0.9595, 2.3622 -3.5674 0.9589, 2.3622 -3.4714 1.0007, 2.3622 -3.3478 1.0324, 2.3622 -3.446 1.0193, 2.3622 -3.38 1.0363, 2.3622 -3.415 1.0318, 2.3622 -3.5908 0.9534, 2.3622 -3.6119 0.9421, 2.3622 -3.6282 0.9276, 2.3622 -3.1358 0.9229, 2.3622 -3.1227 0.9046, 2.3622 -3.1144 0.8837, 2.3622 -2.5561 0.7275, 2.3622 -2.5561 0.7123, 2.3622 -2.5435 0.7112, 2.3622 -2.5857 0.7112, 2.3622 -2.5435 0.8837, 2.3622 -2.5592 0.8304, 2.3622 -2.5592 0.8457, 2.3622 -2.5629 0.7724, 2.3622 -2.5857 0.7724, 2.3622 -2.5857 0.7275, 2.3622 -2.6107 0.7724, 2.3622 -2.6107 0.7275, 2.3622 -2.5629 0.7877, 2.3622 -2.5857 0.8304, 2.3622 -2.5857 0.7123, 2.3622 -2.6279 0.7123, 2.3622 -2.6369 0.7112, 2.3622 -2.6279 0.8457, 2.3622 -2.903 0.7577, 2.3622 -2.9004 0.7847, 2.3622 -2.9063 0.7529, 2.3622 -2.9086 0.747, 2.3622 -2.8105 0.7329, 2.3622 -2.8331 0.7736, 2.3622 -2.8105 0.7156, 2.3622 -2.8331 0.7123, 2.3622 -2.8582 0.7173, 2.3622 -2.8641 0.7135, 2.3622 -2.8498 0.7123, 2.3622 -2.8704 0.7112, 2.3622 -2.8844 0.8078, 2.3622 -2.9157 0.8837, 2.3622 -2.8969 0.803, 2.3622 -2.9004 0.8009, 2.3622 -2.9157 0.6583, 2.3622 -2.8892 0.7112, 2.3622 -2.9157 0.7112, 2.3622 -2.8895 0.7112, 2.3622 -2.8959 0.7136, 2.3622 -2.8979 0.7621, 2.3622 -2.8908 0.7658, 2.3622 -2.8899 0.7914, 2.3622 -2.8781 0.7689, 2.3622 -2.8635 0.7956, 2.3622 -2.8691 0.7962, 2.3622 -2.8795 0.7951, 2.3622 -2.9015 0.7175, 2.3622 -2.9034 0.7194, 2.3622 -2.9069 0.7246, 2.3622 -2.8451 0.8037, 2.3622 -2.8406 0.7995, 2.3622 -2.8077 0.7932, 2.3622 -2.8498 0.727, 2.3622 -2.8503 0.727, 2.3622 -2.8529 0.723, 2.3622 -2.9089 0.7302, 2.3622 -2.9097 0.7378, 2.3622 -2.8044 0.7291, 2.3622 -2.8027 0.7285, 2.3622 -2.8027 0.7638, 2.3622 -2.8097 0.7879, 2.3622 -2.8345 0.7866, 2.3622 -2.8096 0.7754, 2.3622 -2.8676 0.8098, 2.3622 -2.8578 0.8089, 2.3622 -2.8507 0.8068, 2.3622 -2.8498 0.7729, 2.3622 -2.8504 0.7803, 2.3622 -2.8521 0.7862, 2.3622 -2.8541 0.7897, 2.3622 -2.8371 0.7941, 2.3622 -2.8104 0.7819, 2.3622 -2.8029 0.7639, 2.3622 -2.8056 0.7668, 2.3622 -2.8078 0.7703, 2.3622 -2.8566 0.7923, 2.3622 -2.8596 0.7943, 2.3622 -2.7947 0.7112, 2.3622 -2.8027 0.6583, 2.3622 -2.7846 0.71, 2.3622 -2.7507 0.8056, 2.3622 -2.7507 0.7893, 2.3622 -2.7469 0.7315, 2.3622 -2.7489 0.7262, 2.3622 -2.7521 0.7218, 2.3622 -2.8046 0.7978, 2.3622 -2.8027 0.7994, 2.3622 -2.8027 0.8837, 2.3622 -2.7997 0.8022, 2.3622 -2.7948 0.8051, 2.3622 -2.7856 0.8084, 2.3622 -2.7733 0.8098, 2.3622 -2.7418 0.8837, 2.3622 -2.7622 0.8089, 2.3622 -2.7517 0.754, 2.3622 -2.7486 0.7494, 2.3622 -2.7468 0.7444, 2.3622 -2.7461 0.7382, 2.3622 -2.7568 0.7176, 2.3622 -2.7621 0.7146, 2.3622 -2.7749 0.7962, 2.3622 -2.7798 0.7958, 2.3622 -2.7931 0.7834, 2.3622 -2.7843 0.7947, 2.3622 -2.7881 0.7927, 2.3622 -2.793 0.7812, 2.3622 -2.7923 0.7786, 2.3622 -2.7911 0.7763, 2.3622 -2.7895 0.7745, 2.3622 -2.7836 0.7708, 2.3622 -2.7635 0.7949, 2.3622 -2.7733 0.7663, 2.3622 -2.7541 0.7913, 2.3622 -2.7668 0.7637, 2.3622 -2.7557 0.7575, 2.3622 -2.7906 0.7904, 2.3622 -2.792 0.7883, 2.3622 -2.7928 0.786, 2.3622 -2.7939 0.725, 2.3622 -2.7851 0.7542, 2.3622 -2.795 0.7587, 2.3622 -2.783 0.7237, 2.3622 -2.7822 0.7237, 2.3622 -2.7741 0.7496, 2.3622 -2.7737 0.7247, 2.3622 -2.7633 0.7366, 2.3622 -2.7634 0.7387, 2.3622 -2.7694 0.7262, 2.3622 -2.7678 0.7272, 2.3622 -2.7659 0.7289, 2.3622 -2.7645 0.731, 2.3622 -2.7636 0.7334, 2.3622 -2.7642 0.7413, 2.3622 -2.7655 0.7435, 2.3622 -2.7676 0.7457, 2.3622 -2.4946 0.9605, 2.3622 -2.5435 0.9605, 2.3622 -2.4809 0.924, 2.3622 -2.5435 0.9229, 2.3622 -2.4619 0.924, 2.3622 1.8701 0.9229, 2.3622 1.8701 1.0586, 2.3622 -2.5127 1.0574, 2.3622 -2.5435 1.0586, 2.3622 -2.5501 0.9605, 2.3622 -2.5629 0.924, 2.3622 -2.5857 0.9229, 2.3622 -2.582 0.924, 2.3622 -2.5857 1.0586, 2.3622 -2.5435 1.025, 2.3622 -2.5312 1.0574, 2.3622 -2.6369 0.9229, 2.3622 -2.6388 0.9267, 2.3622 -2.6613 0.924, 2.3622 -2.7106 0.9229, 2.3622 -2.698 0.924, 2.3622 -2.698 1.0574, 2.3622 -2.7106 1.0586, 2.3622 -2.66 1.0574, 2.3622 -2.6369 1.0586, 2.3622 -2.6047 1.0351, 2.3622 -2.5965 1.0235, 2.3622 -2.5938 0.9661, 2.3622 -2.6009 0.9526, 2.3622 -2.6095 1.0398, 2.3622 -2.6095 0.9427, 2.3622 -2.6236 0.9326, 2.3622 -2.6369 0.9275, 2.3622 -2.6396 1.0552, 2.3622 -2.6369 1.0542, 2.3622 -2.6235 1.0493, 2.3622 -2.5916 1.0107, 2.3622 -2.5894 0.9924, 2.3622 -2.5901 0.9813, 2.3622 -2.7232 0.9392, 2.3622 -2.7232 0.924, 2.3622 -2.7418 0.9229, 2.3622 -2.7418 1.0586, 2.3622 -2.7263 1.0574, 2.3622 -2.7418 1.0574, 2.3622 -2.7263 1.0421, 2.3622 -2.7301 0.9841, 2.3622 -2.7418 0.9841, 2.3622 -2.7418 0.9392, 2.3622 -2.7778 0.9841, 2.3622 -2.7778 0.9392, 2.3622 -2.7301 0.9994, 2.3622 -2.7418 1.0421, 2.3622 -2.795 1.0574, 2.3622 -2.8027 1.0586, 2.3622 -2.795 0.924, 2.3622 2.6575 0.9252, 2.3622 3.4646 0.9252, 2.3622 2.6575 1.0586, 2.3622 3.4646 1.0586, 2.3622 2.6575 1.3189, 2.3622 3.4646 1.5748, 2.3622 1.8701 1.3189, 2.3622 -2.5435 1.5748, 2.3622 1.8701 0.8837, 2.3622 -2.3958 0.7123, 2.3622 -2.4149 0.7123, 2.3622 -2.3138 0.7123, 2.3622 -2.3274 0.7488, 2.3622 -2.383 0.7488, 2.3622 -2.423 0.7696, 2.3622 -2.4267 0.7544, 2.3622 -2.2948 0.7123, 2.3622 1.8701 0.7112, 2.3622 -2.3456 0.8457, 2.3622 -2.364 0.8457, 2.3622 -2.4338 0.7409, 2.3622 -2.4424 0.731, 2.3622 -2.4564 0.7209, 2.3622 -2.5309 0.8457, 2.3622 -2.5309 0.7123, 2.3622 -2.4942 0.7123, 2.3622 -2.4717 0.715, 2.3622 -2.4223 0.7807, 2.3622 -2.4245 0.799, 2.3622 -2.4424 0.8281, 2.3622 -2.4376 0.8234, 2.3622 -2.4294 0.8117, 2.3622 -2.4928 0.8457, 2.3622 -2.4725 0.8435, 2.3622 -2.4564 0.8376, 2.3622 1.8701 0.6583, 2.3622 1.8701 0.1969, 2.3622 -2.5435 0.6583, 2.3622 -2.8359 1.0583, 2.3622 -2.8217 1.0542, 2.3622 -2.7418 0.924, 2.3622 -2.8217 1.0362, 2.3622 -2.824 0.9284, 2.3622 -2.8562 0.9371, 2.3622 -2.8478 0.9375, 2.3622 -2.8232 1.037, 2.3622 -2.9034 0.984, 2.3622 -2.9012 0.9708, 2.3622 -2.833 0.9407, 2.3622 -2.8217 0.946, 2.3622 -2.8217 0.9295, 2.3622 -2.8905 1.0283, 2.3622 -2.8969 1.019, 2.3622 -2.8969 0.96, 2.3622 -2.8905 0.9511, 2.3622 -2.8871 0.9479, 2.3622 -2.8532 1.0441, 2.3622 -2.8588 1.0439, 2.3622 -2.8895 1.0293, 2.3622 -2.8703 1.0416, 2.3622 -2.8808 1.0366, 2.3622 -2.9014 1.0074, 2.3622 -2.9036 0.9892, 2.3622 -2.8782 0.9419, 2.3622 -2.8685 0.9384, 2.3622 -2.8368 1.0422, 2.3622 -2.8534 1.0597, 2.3622 -2.9157 1.5748, 2.3622 -2.839 1.0586, 2.3622 -2.8027 1.5748, 2.3622 -2.912 1.0274, 2.3622 -2.9024 1.04, 2.3622 -2.8994 1.0429, 2.3622 -2.8865 1.052, 2.3622 -2.9157 0.9579, 2.3622 -2.919 0.9666, 2.3622 -2.9237 0.9229, 2.3622 -2.9216 0.9882, 2.3622 -2.9214 0.9952, 2.3622 -2.9237 1.0586, 2.3622 -2.9184 1.0126, 2.3622 -2.9157 1.0189, 2.3622 -2.8951 0.9319, 2.3622 -2.9045 0.94, 2.3622 -2.9157 0.9229, 2.3622 -2.9057 0.9412, 2.3622 -2.9136 0.9527, 2.3622 -2.8587 0.9217, 2.3622 -2.8685 0.9223, 2.3622 -2.8709 0.9229, 2.3622 -2.8827 0.9256, 2.3622 -2.8708 0.711, 2.3622 -2.8795 0.71, 2.3622 -2.6632 0.8076, 2.3622 -2.6459 0.8076, 2.3622 -2.6369 0.8837, 2.3622 -2.5857 0.8457, 2.3622 -2.5857 0.8837, 2.3622 -2.6839 0.7112, 2.3622 -2.6938 0.736, 2.3622 -2.6918 0.7281, 2.3622 -2.6913 0.7281, 2.3622 -2.7106 0.8837, 2.3622 -2.7106 0.7844, 2.3622 -2.6893 0.7358, 2.3622 -2.6905 0.7314, 2.3622 -2.7106 0.7395, 2.3622 -2.7374 0.8076, 2.3622 -2.7187 0.8076, 2.3622 -2.7006 0.7112, 2.3622 -2.7 0.7125, 2.3622 -2.7106 0.6892, 2.3622 -2.7073 0.6952, 2.3622 -2.7418 0.6583, 2.3622 -2.734 0.6688, 2.3622 -2.734 0.6836, 2.3622 -2.7305 0.6825, 2.3622 -2.7245 0.6817, 2.3622 -2.7106 0.6704, 2.3622 -2.7164 0.6682, 2.3622 -2.7106 0.6583, 2.3622 -2.7232 0.6674, 2.3622 -2.7269 0.6675, 2.3622 -2.7204 0.6822, 2.3622 -2.7168 0.6836, 2.3622 -2.6892 0.6979, 2.3622 -2.6967 0.6832, 2.3622 -2.6369 0.6583, 2.3622 -2.7028 0.6758, 2.3622 -2.704 0.6748, 2.3622 -2.7098 0.6707, 2.3622 -3.937 0.1969, 2.3622 -3.937 0.6583, 2.3622 -3.937 0.7112, 2.3622 -3.937 0.8837, 2.3622 -3.937 0.9229, 2.3622 -3.937 1.0586, 2.3622 -3.937 1.5748, 2.3622 -2.9271 0.9392, 2.3622 -2.9271 0.924, 2.3622 -2.9975 0.924, 2.3622 -2.9803 1.0574, 2.3622 -2.9803 0.9392, 2.3622 -2.9975 1.0574, 2.3622 -2.9237 0.7112, 2.3622 -2.9257 0.7123, 2.3622 -2.9975 0.7123, 2.3622 -2.9257 0.7275, 2.3622 -2.9287 0.8304, 2.3622 -2.9803 0.7724, 2.3622 -2.9803 0.7275, 2.3622 -2.9325 0.7724, 2.3622 -2.9325 0.7877, 2.3622 -2.9803 0.7877, 2.3622 -2.9803 0.8304, 2.3622 -2.9975 0.8457, 2.3622 -2.9287 0.8457, 2.3622 -2.9237 1.5748, 2.3622 -2.5857 1.5748, 2.3622 -2.6369 1.5748, 2.3622 -2.7106 1.5748, 2.3622 -2.7418 1.5748, 2.3622 -2.5857 0.6583, 2.3622 -2.5435 0.1969, 2.3622 -2.5857 0.1969, 2.3622 -2.6369 0.1969, 2.3622 -2.7106 0.1969, 2.3622 -2.7418 0.1969, 2.3622 -2.8027 0.1969, 2.3622 -2.9157 0.1969, 2.3622 -2.9237 0.1969, 0.1384 2.634 1.7717, 0.1411 2.6136 1.7717, 2.1654 3.4646 1.7717, 2.1654 -3.937 1.7717, 1.4961 -1.7717 1.7717, 0.0827 2.6897 1.7717, 0.1017 2.6818 1.7717, -2.1654 -3.937 1.7717, -0.5118 -2.3622 1.7717, -0.5118 -1.7717 1.7717, 0.5118 -2.3622 1.7717, 1.4961 -2.3622 1.7717, -0.0623 2.1454 1.7717, -0.0827 2.1481 1.7717, 0.5118 -1.7717 1.7717, -2.1654 3.4646 1.7717, -0.1384 2.2037 1.7717, -0.1411 2.2241 1.7717, -0.1305 2.653 1.7717, -0.118 2.6693 1.7717, -0.1017 2.6818 1.7717, 0.118 2.6693 1.7717, 0.1305 2.653 1.7717, -1.4961 -1.7717 1.7717, -1.4961 -2.3622 1.7717, 0.1411 2.2241 1.7717, 0.1384 2.2037 1.7717, 0.1305 2.1847 1.7717, 0.118 2.1684 1.7717, -0.1017 2.1559 1.7717, -0.118 2.1684 1.7717, -0.1305 2.1847 1.7717, -0.1411 2.6136 1.7717, -0.1384 2.634 1.7717, -0.0827 2.6897 1.7717, -0.0623 2.6924 1.7717, 0.0623 2.6924 1.7717, 0.1017 2.1559 1.7717, 0.0827 2.1481 1.7717, 0.0623 2.1454 1.7717, -2.2441 1.8701 1.3189, -2.3622 1.8701 1.3189, -2.2441 2.6575 1.3189, -2.3622 2.6575 1.3189, 2.2441 1.8701 1.3189, 2.2441 2.6575 1.3189, -2.2441 3.4646 -0.3543, -2.3622 3.4646 -0.3543, -2.2441 3.4646 -0.035, -2.3622 3.4646 -0.0476, -2.3315 3.4646 0.371, -2.4469 3.4646 0.3461, -2.3463 3.4646 0.4985, -2.4644 3.4646 0.4962, -2.3365 3.4646 0.6266, -2.4529 3.4646 0.6468, -2.3025 3.4646 0.7504, -2.4128 3.4646 0.7925, -2.2441 3.4646 0.9034, -2.3622 3.4646 0.9252, -2.2441 3.4646 1.5748, -2.3622 3.4646 1.5748, -2.2414 3.4646 1.5952, -2.3555 3.4646 1.6258, -2.2335 3.4646 1.6142, -2.3358 3.4646 1.6732, -2.221 3.4646 1.6305, -2.3045 3.4646 1.714, -2.2047 3.4646 1.643, -2.2638 3.4646 1.7453, -2.1857 3.4646 1.6509, -2.2163 3.4646 1.7649, -2.1654 3.4646 1.6535, 2.1654 3.4646 1.6535, 2.1857 3.4646 1.6509, 2.2163 3.4646 1.7649, 2.2047 3.4646 1.643, 2.2638 3.4646 1.7453, 2.221 3.4646 1.6305, 2.3045 3.4646 1.714, 2.2335 3.4646 1.6142, 2.3358 3.4646 1.6732, 2.2414 3.4646 1.5952, 2.3555 3.4646 1.6258, 2.2441 3.4646 1.5748, 2.2441 3.4646 0.9034, 2.3025 3.4646 0.7504, 2.4128 3.4646 0.7925, 2.3365 3.4646 0.6266, 2.4529 3.4646 0.6468, 2.3463 3.4646 0.4985, 2.4644 3.4646 0.4962, 2.3315 3.4646 0.371, 2.4469 3.4646 0.3461, 2.2441 3.4646 -0.035, 2.3622 3.4646 -0.0476, 2.2441 3.4646 -0.3543, 2.3622 3.4646 -0.3543, -2.3622 1.8701 0.1969, -2.3622 -3.937 0.1969, -2.3622 2.6575 0.9252, -2.3622 -3.937 1.5748, -2.1654 -3.937 1.6535, -2.1857 -3.937 1.6509, -2.2163 -3.937 1.7649, -2.2047 -3.937 1.643, -2.2638 -3.937 1.7453, -2.221 -3.937 1.6305, -2.3045 -3.937 1.714, -2.2335 -3.937 1.6142, -2.3358 -3.937 1.6732, -2.2414 -3.937 1.5952, -2.3555 -3.937 1.6258, -2.2441 -3.937 1.5748, -2.2441 -3.937 0.1969, -2.2414 -3.937 0.1765, -2.3555 -3.937 0.1459, -2.2335 -3.937 0.1575, -2.3358 -3.937 0.0984, -2.221 -3.937 0.1412, -2.3045 -3.937 0.0577, -2.2047 -3.937 0.1287, -2.2638 -3.937 0.0264, -2.1857 -3.937 0.1208, -2.2163 -3.937 0.0067, -2.1654 -3.937 0.1181, -2.1654 -3.937 0.0, 2.1654 -3.937 0.1181, 2.1654 -3.937 -0.0, 2.1857 -3.937 0.1208, 2.2163 -3.937 0.0067, 2.2047 -3.937 0.1287, 2.2638 -3.937 0.0264, 2.221 -3.937 0.1412, 2.3045 -3.937 0.0577, 2.2335 -3.937 0.1575, 2.3358 -3.937 0.0984, 2.2414 -3.937 0.1765, 2.3555 -3.937 0.1459, 2.2441 -3.937 0.1969, 2.2441 -3.937 1.5748, 2.2414 -3.937 1.5952, 2.3555 -3.937 1.6258, 2.2335 -3.937 1.6142, 2.3358 -3.937 1.6732, 2.221 -3.937 1.6305, 2.3045 -3.937 1.714, 2.2047 -3.937 1.643, 2.2638 -3.937 1.7453, 2.1857 -3.937 1.6509, 2.2163 -3.937 1.7649, 2.1654 -3.937 1.6535, 1.4961 -1.7717 0.0, 0.5118 -1.7717 0.0, -2.1654 1.8701 0.0, 0.5118 -2.3622 0.0, 1.4961 -2.3622 0.0, 2.1654 1.8701 0.0, -0.5118 -2.3622 0.0, -0.5118 -1.7717 0.0, -1.4961 -1.7717 0.0, -1.4961 -2.3622 0.0, -2.2163 1.8701 0.0067, -2.2638 1.8701 0.0264, -2.3045 1.8701 0.0577, -2.3358 1.8701 0.0984, -2.3555 1.8701 0.1459, 2.2163 1.8701 0.0067, 2.2638 1.8701 0.0264, 2.3045 1.8701 0.0577, 2.3358 1.8701 0.0984, 2.3555 1.8701 0.1459, 1.4961 -1.7717 1.6535, 0.5118 -1.7717 1.6535, 0.5118 -2.3622 1.6535, 1.4961 -2.3622 1.6535, -0.5118 -2.3622 1.6535, -0.5118 -1.7717 1.6535, -1.4961 -1.7717 1.6535, -1.4961 -2.3622 1.6535, 2.2441 1.8701 0.1969, 2.2441 2.6575 0.9034, 2.1654 1.8701 0.1181, 2.1857 1.8701 0.1208, 2.2047 1.8701 0.1287, 2.221 1.8701 0.1412, 2.2335 1.8701 0.1575, 2.2414 1.8701 0.1765, 0.5118 -1.7717 0.1181, 1.4961 -1.7717 0.1181, -0.5118 -2.3622 0.1181, -1.4961 -2.3622 0.1181, -1.4961 -1.7717 0.1181, -2.1654 1.8701 0.1181, -0.5118 -1.7717 0.1181, 1.4961 -2.3622 0.1181, 0.5118 -2.3622 0.1181, -2.2441 1.8701 0.1969, -2.2414 1.8701 0.1765, -2.2335 1.8701 0.1575, -2.221 1.8701 0.1412, -2.2047 1.8701 0.1287, -2.1857 1.8701 0.1208, -2.2441 2.6575 0.9034, 2.3622 3.4579 -0.4053, 2.3622 3.2677 -0.5512, 2.3622 2.8543 -0.5512, 2.3622 3.3187 -0.5445, 2.3622 3.3661 -0.5248, 2.3622 3.4069 -0.4935, 2.3622 3.4382 -0.4528, 2.3622 2.6575 -0.0476, 2.3622 2.6575 -0.3543, 2.3622 2.6642 -0.4053, 2.3622 2.6839 -0.4528, 2.3622 2.7151 -0.4935, 2.3622 2.7559 -0.5248, 2.3622 2.8034 -0.5445, 2.4469 2.6575 0.3461, 2.4644 2.6575 0.4962, 2.4529 2.6575 0.6468, 2.4128 2.6575 0.7925, 2.3025 2.6575 0.7504, 2.3365 2.6575 0.6266, 2.3463 2.6575 0.4985, 2.3315 2.6575 0.371, 2.2441 2.6575 -0.035, 2.2441 3.2677 -0.5512, 2.2441 3.4579 -0.4053, 2.2441 2.8543 -0.5512, 2.2441 2.6575 -0.3543, 2.2441 3.4382 -0.4528, 2.2441 3.4069 -0.4935, 2.2441 3.3187 -0.5445, 2.2441 3.3661 -0.5248, 2.2441 2.7151 -0.4935, 2.2441 2.7559 -0.5248, 2.2441 2.8034 -0.5445, 2.2441 2.6839 -0.4528, 2.2441 2.6642 -0.4053, -2.3622 2.6575 -0.0476, -2.3622 3.4579 -0.4053, -2.3622 3.3661 -0.5248, -2.3622 3.3187 -0.5445, -2.3622 3.2677 -0.5512, -2.3622 2.8543 -0.5512, -2.3622 2.8034 -0.5445, -2.3622 2.6642 -0.4053, -2.3622 2.6575 -0.3543, -2.3622 2.7559 -0.5248, -2.3622 2.7151 -0.4935, -2.3622 2.6839 -0.4528, -2.3622 3.4382 -0.4528, -2.3622 3.4069 -0.4935, -2.2441 3.2677 -0.5512, -2.2441 2.8543 -0.5512, -2.2441 3.3187 -0.5445, -2.2441 3.4579 -0.4053, -2.2441 3.3661 -0.5248, -2.2441 3.4069 -0.4935, -2.2441 3.4382 -0.4528, -2.2441 2.7559 -0.5248, -2.2441 2.6642 -0.4053, -2.2441 2.7151 -0.4935, -2.2441 2.6839 -0.4528, -2.2441 2.6575 -0.035, -2.2441 2.6575 -0.3543, -2.2441 2.8034 -0.5445, -2.3315 2.6575 0.371, -2.3463 2.6575 0.4985, -2.3365 2.6575 0.6266, -2.3025 2.6575 0.7504, -2.4128 2.6575 0.7925, -2.4529 2.6575 0.6468, -2.4644 2.6575 0.4962, -2.4469 2.6575 0.3461, 0.0623 2.6136 1.6929, -0.0623 2.6136 1.6929, 0.0623 2.2241 1.6929, -0.0623 2.2241 1.6929, 0.1017 2.2241 1.7323, 0.1017 2.6136 1.7323, 0.1004 2.2241 1.7221, 0.1004 2.6136 1.7221, 0.0964 2.2241 1.7126, 0.0964 2.6136 1.7126, 0.0902 2.2241 1.7044, 0.0902 2.6136 1.7044, 0.082 2.2241 1.6982, 0.082 2.6136 1.6982, 0.0725 2.2241 1.6943, 0.0725 2.6136 1.6943, 0.0695 2.6209 1.6943, 0.0712 2.6187 1.6943, 0.0794 2.6235 1.6982, 0.065 2.6235 1.6943, 0.0623 2.6238 1.6943, 0.0674 2.6225 1.6943, 0.0623 2.6333 1.6982, 0.0674 2.6327 1.6982, 0.0722 2.6307 1.6982, 0.0763 2.6276 1.6982, 0.0892 2.6209 1.7044, 0.0813 2.6187 1.6982, 0.0722 2.6163 1.6943, 0.0623 2.6415 1.7044, 0.0695 2.6405 1.7044, 0.0763 2.6378 1.7044, 0.082 2.6333 1.7044, 0.0864 2.6276 1.7044, 0.0623 2.6477 1.7126, 0.0712 2.6466 1.7126, 0.0794 2.6432 1.7126, 0.0864 2.6378 1.7126, 0.0919 2.6307 1.7126, 0.0953 2.6225 1.7126, 0.0991 2.6235 1.7221, 0.0953 2.6327 1.7221, 0.0892 2.6405 1.7221, 0.0813 2.6466 1.7221, 0.0722 2.6504 1.7221, 0.0623 2.6517 1.7221, 0.1004 2.6238 1.7323, 0.0964 2.6333 1.7323, 0.0902 2.6415 1.7323, 0.082 2.6477 1.7323, 0.0725 2.6517 1.7323, 0.0623 2.653 1.7323, 0.0695 2.2169 1.6943, 0.0674 2.2153 1.6943, 0.0722 2.2071 1.6982, 0.0722 2.2215 1.6943, 0.0712 2.219 1.6943, 0.0813 2.219 1.6982, 0.0794 2.2143 1.6982, 0.0763 2.2102 1.6982, 0.0695 2.1972 1.7044, 0.0674 2.2051 1.6982, 0.065 2.2143 1.6943, 0.0892 2.2169 1.7044, 0.0864 2.2102 1.7044, 0.082 2.2044 1.7044, 0.0763 2.2 1.7044, 0.0623 2.19 1.7126, 0.0623 2.1963 1.7044, 0.0623 2.2044 1.6982, 0.0623 2.2139 1.6943, 0.0953 2.2153 1.7126, 0.0919 2.2071 1.7126, 0.0864 2.2 1.7126, 0.0794 2.1946 1.7126, 0.0712 2.1912 1.7126, 0.0623 2.1861 1.7221, 0.0722 2.1874 1.7221, 0.0813 2.1912 1.7221, 0.0892 2.1972 1.7221, 0.0953 2.2051 1.7221, 0.0991 2.2143 1.7221, 0.0623 2.1847 1.7323, 0.0725 2.1861 1.7323, 0.082 2.19 1.7323, 0.0902 2.1963 1.7323, 0.0964 2.2044 1.7323, 0.1004 2.2139 1.7323, 0.103 2.2241 1.7425, 0.103 2.6136 1.7425, 0.107 2.2241 1.752, 0.107 2.6136 1.752, 0.1132 2.2241 1.7601, 0.1132 2.6136 1.7601, 0.1214 2.2241 1.7664, 0.1214 2.6136 1.7664, 0.1309 2.2241 1.7703, 0.1309 2.6136 1.7703, 0.0623 2.6544 1.7425, 0.0729 2.653 1.7425, 0.0623 2.6583 1.752, 0.0739 2.6568 1.752, 0.0623 2.6645 1.7601, 0.0755 2.6628 1.7601, 0.0623 2.6727 1.7664, 0.0776 2.6707 1.7664, 0.0623 2.6822 1.7703, 0.0801 2.6799 1.7703, 0.0827 2.6489 1.7425, 0.0847 2.6523 1.752, 0.0878 2.6577 1.7601, 0.0919 2.6648 1.7664, 0.0966 2.673 1.7703, 0.0911 2.6424 1.7425, 0.0939 2.6452 1.752, 0.0983 2.6496 1.7601, 0.1041 2.6554 1.7664, 0.1108 2.6621 1.7703, 0.0976 2.634 1.7425, 0.101 2.636 1.752, 0.1064 2.6391 1.7601, 0.1135 2.6432 1.7664, 0.1217 2.6479 1.7703, 0.1017 2.6242 1.7425, 0.1055 2.6252 1.752, 0.1115 2.6268 1.7601, 0.1194 2.6289 1.7664, 0.1285 2.6314 1.7703, -0.0623 2.653 1.7323, -0.0623 2.6517 1.7221, -0.0623 2.6477 1.7126, -0.0623 2.6415 1.7044, -0.0623 2.6333 1.6982, -0.0623 2.6238 1.6943, -0.0623 2.1847 1.7323, -0.0623 2.1861 1.7221, -0.0623 2.19 1.7126, -0.0623 2.1963 1.7044, -0.0623 2.2044 1.6982, -0.0623 2.2139 1.6943, 0.1017 2.2136 1.7425, 0.1055 2.2126 1.752, 0.1115 2.2109 1.7601, 0.1194 2.2088 1.7664, 0.1285 2.2064 1.7703, 0.0976 2.2038 1.7425, 0.101 2.2018 1.752, 0.1064 2.1987 1.7601, 0.1135 2.1946 1.7664, 0.1217 2.1898 1.7703, 0.0911 2.1953 1.7425, 0.0939 2.1925 1.752, 0.0983 2.1881 1.7601, 0.1041 2.1824 1.7664, 0.1108 2.1756 1.7703, 0.0827 2.1889 1.7425, 0.0847 2.1855 1.752, 0.0878 2.18 1.7601, 0.0919 2.173 1.7664, 0.0966 2.1648 1.7703, 0.0729 2.1848 1.7425, 0.0739 2.181 1.752, 0.0755 2.175 1.7601, 0.0776 2.1671 1.7664, 0.0801 2.1579 1.7703, 0.0623 2.1834 1.7425, 0.0623 2.1795 1.752, 0.0623 2.1732 1.7601, 0.0623 2.1651 1.7664, 0.0623 2.1556 1.7703, -0.0623 2.654 1.741, -0.0623 2.6545 1.7424, -0.0623 2.6569 1.7494, -0.0623 2.6585 1.7519, -0.0623 2.6616 1.7568, -0.0623 2.6647 1.7599, -0.0623 2.6678 1.7631, -0.0623 2.6728 1.7662, -0.0623 2.6753 1.7678, -0.0623 2.6822 1.7702, -0.0623 2.6836 1.7707, -0.0695 2.6209 1.6943, -0.0674 2.6225 1.6943, -0.0722 2.6307 1.6982, -0.0722 2.6163 1.6943, -0.0725 2.6136 1.6943, -0.0712 2.6187 1.6943, -0.082 2.6136 1.6982, -0.0813 2.6187 1.6982, -0.0794 2.6235 1.6982, -0.0763 2.6276 1.6982, -0.0695 2.6405 1.7044, -0.0674 2.6327 1.6982, -0.065 2.6235 1.6943, -0.0902 2.6136 1.7044, -0.0892 2.6209 1.7044, -0.0864 2.6276 1.7044, -0.082 2.6333 1.7044, -0.0763 2.6378 1.7044, -0.0964 2.6136 1.7126, -0.0953 2.6225 1.7126, -0.0919 2.6307 1.7126, -0.0864 2.6378 1.7126, -0.0794 2.6432 1.7126, -0.0712 2.6466 1.7126, -0.0722 2.6504 1.7221, -0.0813 2.6466 1.7221, -0.0892 2.6405 1.7221, -0.0953 2.6327 1.7221, -0.0991 2.6235 1.7221, -0.1004 2.6136 1.7221, -0.0725 2.6517 1.7323, -0.082 2.6477 1.7323, -0.0902 2.6415 1.7323, -0.0964 2.6333 1.7323, -0.1004 2.6238 1.7323, -0.1017 2.6136 1.7323, -0.0695 2.2169 1.6943, -0.0712 2.219 1.6943, -0.0794 2.2143 1.6982, -0.065 2.2143 1.6943, -0.0674 2.2153 1.6943, -0.0674 2.2051 1.6982, -0.0722 2.2071 1.6982, -0.0763 2.2102 1.6982, -0.0892 2.2169 1.7044, -0.0813 2.219 1.6982, -0.0722 2.2215 1.6943, -0.0695 2.1972 1.7044, -0.0763 2.2 1.7044, -0.082 2.2044 1.7044, -0.0864 2.2102 1.7044, -0.0964 2.2241 1.7126, -0.0902 2.2241 1.7044, -0.082 2.2241 1.6982, -0.0725 2.2241 1.6943, -0.0712 2.1912 1.7126, -0.0794 2.1946 1.7126, -0.0864 2.2 1.7126, -0.0919 2.2071 1.7126, -0.0953 2.2153 1.7126, -0.1004 2.2241 1.7221, -0.0991 2.2143 1.7221, -0.0953 2.2051 1.7221, -0.0892 2.1972 1.7221, -0.0813 2.1912 1.7221, -0.0722 2.1874 1.7221, -0.1017 2.2241 1.7323, -0.1004 2.2139 1.7323, -0.0964 2.2044 1.7323, -0.0902 2.1963 1.7323, -0.082 2.19 1.7323, -0.0725 2.1861 1.7323, -0.0623 2.1834 1.7425, -0.0623 2.1795 1.752, -0.0623 2.1732 1.7601, -0.0623 2.1651 1.7664, -0.0623 2.1556 1.7703, -0.0728 2.6526 1.741, -0.1027 2.6136 1.741, -0.1013 2.6241 1.741, -0.1032 2.6136 1.7424, -0.1041 2.6248 1.7494, -0.0735 2.6554 1.7494, -0.1087 2.6261 1.7568, -0.1072 2.6136 1.7519, -0.1056 2.6136 1.7494, -0.0747 2.66 1.7568, -0.1147 2.6277 1.7631, -0.1134 2.6136 1.7599, -0.1103 2.6136 1.7568, -0.0764 2.666 1.7631, -0.1309 2.6136 1.7702, -0.124 2.6136 1.7678, -0.1219 2.6296 1.7678, -0.1215 2.6136 1.7662, -0.1165 2.6136 1.7631, -0.0973 2.6338 1.741, -0.0998 2.6353 1.7494, -0.1039 2.6376 1.7568, -0.1093 2.6407 1.7631, -0.1157 2.6445 1.7678, -0.0909 2.6422 1.741, -0.0929 2.6442 1.7494, -0.0962 2.6476 1.7568, -0.1007 2.652 1.7631, -0.1059 2.6572 1.7678, -0.0825 2.6486 1.741, -0.084 2.6511 1.7494, -0.0863 2.6552 1.7568, -0.0894 2.6606 1.7631, -0.0932 2.667 1.7678, -0.0783 2.6732 1.7678, -0.1323 2.6136 1.7707, -0.1299 2.6318 1.7707, -0.1229 2.6486 1.7707, -0.1118 2.6631 1.7707, -0.0973 2.6743 1.7707, -0.0804 2.6812 1.7707, -0.0729 2.1848 1.7425, -0.0739 2.181 1.752, -0.0755 2.175 1.7601, -0.0776 2.1671 1.7664, -0.0801 2.1579 1.7703, -0.0827 2.1889 1.7425, -0.0847 2.1855 1.752, -0.0878 2.18 1.7601, -0.0919 2.173 1.7664, -0.0966 2.1648 1.7703, -0.0911 2.1953 1.7425, -0.0939 2.1925 1.752, -0.0983 2.1881 1.7601, -0.1041 2.1824 1.7664, -0.1108 2.1756 1.7703, -0.0976 2.2038 1.7425, -0.101 2.2018 1.752, -0.1064 2.1987 1.7601, -0.1135 2.1946 1.7664, -0.1217 2.1898 1.7703, -0.1017 2.2136 1.7425, -0.1055 2.2126 1.752, -0.1115 2.2109 1.7601, -0.1194 2.2088 1.7664, -0.1285 2.2064 1.7703, -0.103 2.2241 1.7425, -0.107 2.2241 1.752, -0.1132 2.2241 1.7601, -0.1214 2.2241 1.7664, -0.1309 2.2241 1.7703, -0.1309 2.2241 1.7703
            ]
        }
        coordIndex [
            0,1,2,-1,3,4,5,-1,6,7,8,-1,9,10,11,-1,12,13,14,-1,15,16,17,-1,18,19,20,-1,21,22,23,-1,24,25,26,-1,27,28,29,-1,29,28,3,-1,30,31,29,-1,29,31,32,-1,32,33,29,-1,29,33,34,-1,29,34,27,-1,35,36,37,-1,38,39,40,-1,40,39,37,-1,37,39,41,-1,37,41,35,-1,42,43,44,-1,45,46,42,-1,42,46,47,-1,42,47,48,-1,38,40,49,-1,49,40,42,-1,49,42,50,-1,50,42,44,-1,50,44,51,-1,51,44,52,-1,51,52,53,-1,48,54,42,-1,42,54,55,-1,42,55,43,-1,56,57,58,-1,58,57,59,-1,58,59,60,-1,60,61,58,-1,58,61,62,-1,58,62,63,-1,63,62,64,-1,64,65,63,-1,63,65,66,-1,63,66,45,-1,45,66,67,-1,45,67,46,-1,68,69,70,-1,70,69,71,-1,70,71,58,-1,58,71,72,-1,58,72,56,-1,73,74,75,-1,75,74,76,-1,76,77,75,-1,75,77,78,-1,75,78,70,-1,70,78,79,-1,70,79,68,-1,0,80,1,-1,1,80,81,-1,1,81,82,-1,82,83,1,-1,1,83,84,-1,1,84,85,-1,86,87,4,-1,88,89,90,-1,91,92,0,-1,93,94,95,-1,95,94,96,-1,88,90,97,-1,91,0,98,-1,99,100,94,-1,94,100,101,-1,94,101,102,-1,4,87,0,-1,0,87,103,-1,0,103,98,-1,89,104,90,-1,90,104,105,-1,90,105,106,-1,107,108,109,-1,109,108,110,-1,109,110,111,-1,112,102,113,-1,113,102,114,-1,113,114,109,-1,109,114,115,-1,109,115,107,-1,112,116,102,-1,102,116,117,-1,102,117,94,-1,94,117,118,-1,94,118,96,-1,119,120,121,-1,121,120,122,-1,121,122,90,-1,90,122,123,-1,90,123,97,-1,124,125,90,-1,90,125,126,-1,90,126,94,-1,94,126,127,-1,94,127,99,-1,128,129,80,-1,80,129,130,-1,80,130,131,-1,131,132,80,-1,80,132,133,-1,80,133,134,-1,134,133,119,-1,134,119,135,-1,135,119,121,-1,92,136,0,-1,0,136,137,-1,0,137,80,-1,80,137,138,-1,80,138,128,-1,106,139,90,-1,90,139,140,-1,90,140,141,-1,141,142,90,-1,90,142,143,-1,90,143,124,-1,144,145,146,-1,146,102,144,-1,144,102,101,-1,144,101,147,-1,147,101,148,-1,148,149,147,-1,147,149,150,-1,147,150,151,-1,152,153,154,-1,153,155,154,-1,154,155,156,-1,154,156,157,-1,158,154,159,-1,145,144,158,-1,158,144,160,-1,158,160,154,-1,154,160,161,-1,154,161,152,-1,159,162,158,-1,158,162,163,-1,158,163,164,-1,157,156,165,-1,165,156,166,-1,165,166,167,-1,167,166,168,-1,167,168,169,-1,170,171,164,-1,164,171,172,-1,164,172,158,-1,28,173,3,-1,3,173,174,-1,3,174,4,-1,4,174,175,-1,4,175,86,-1,176,177,178,-1,178,177,179,-1,178,180,181,-1,181,180,182,-1,183,184,185,-1,185,184,186,-1,185,186,187,-1,185,176,183,-1,183,176,178,-1,183,178,188,-1,188,178,181,-1,188,181,26,-1,26,181,189,-1,26,189,24,-1,177,190,179,-1,179,190,191,-1,179,191,192,-1,192,191,193,-1,194,195,196,-1,196,195,197,-1,198,199,200,-1,200,199,201,-1,200,201,22,-1,202,203,204,-1,204,203,205,-1,204,205,201,-1,206,207,208,-1,208,207,209,-1,210,211,212,-1,212,211,213,-1,212,213,214,-1,194,215,195,-1,195,215,216,-1,195,216,217,-1,217,216,218,-1,219,220,218,-1,218,220,221,-1,218,221,217,-1,214,222,212,-1,212,222,223,-1,212,223,224,-1,225,226,227,-1,228,229,204,-1,204,229,230,-1,204,230,202,-1,224,231,212,-1,212,231,232,-1,212,232,207,-1,207,232,197,-1,207,197,209,-1,209,197,195,-1,233,234,235,-1,227,226,236,-1,237,199,238,-1,206,239,207,-1,207,239,240,-1,207,240,241,-1,242,243,218,-1,218,243,244,-1,218,244,245,-1,233,235,198,-1,226,246,236,-1,236,246,237,-1,236,237,247,-1,247,237,238,-1,235,248,198,-1,198,248,249,-1,198,249,199,-1,199,249,250,-1,199,250,238,-1,245,251,218,-1,218,251,252,-1,218,252,219,-1,21,23,253,-1,253,23,254,-1,253,254,255,-1,256,257,20,-1,258,259,20,-1,20,259,260,-1,261,262,263,-1,263,262,264,-1,263,264,265,-1,265,266,263,-1,263,266,267,-1,263,267,268,-1,268,267,269,-1,268,269,256,-1,270,271,257,-1,257,271,272,-1,257,272,20,-1,20,272,273,-1,20,273,258,-1,260,274,20,-1,20,274,275,-1,20,275,18,-1,276,277,278,-1,278,277,279,-1,278,279,280,-1,278,281,276,-1,276,281,282,-1,276,282,283,-1,283,284,276,-1,276,284,285,-1,276,285,286,-1,286,285,287,-1,286,287,288,-1,288,287,289,-1,288,289,257,-1,257,289,290,-1,257,290,270,-1,291,292,280,-1,280,292,293,-1,280,293,278,-1,294,295,234,-1,234,295,296,-1,234,296,235,-1,294,297,295,-1,295,297,298,-1,295,298,299,-1,299,298,300,-1,299,301,302,-1,300,303,299,-1,299,303,304,-1,299,304,305,-1,305,306,299,-1,299,306,307,-1,299,307,301,-1,302,308,299,-1,299,308,309,-1,299,309,310,-1,311,312,313,-1,313,312,314,-1,313,314,315,-1,316,317,318,-1,318,317,319,-1,312,320,314,-1,314,320,321,-1,314,321,322,-1,322,321,323,-1,322,323,324,-1,324,323,325,-1,324,325,319,-1,319,325,326,-1,319,326,318,-1,327,328,329,-1,327,329,330,-1,331,332,333,-1,333,332,334,-1,333,334,335,-1,336,337,324,-1,322,338,339,-1,336,324,340,-1,339,341,322,-1,322,341,342,-1,322,342,327,-1,327,342,343,-1,327,343,328,-1,334,344,335,-1,335,344,345,-1,335,345,324,-1,324,345,346,-1,324,346,340,-1,337,347,324,-1,324,347,348,-1,324,348,322,-1,322,348,349,-1,322,349,338,-1,350,351,330,-1,330,351,352,-1,333,353,354,-1,354,353,355,-1,329,331,330,-1,330,331,333,-1,330,333,356,-1,356,333,354,-1,357,358,359,-1,359,358,360,-1,359,360,361,-1,359,350,357,-1,357,350,330,-1,357,330,362,-1,362,330,356,-1,362,356,17,-1,17,356,363,-1,17,363,15,-1,355,353,364,-1,364,353,365,-1,364,365,366,-1,367,368,369,-1,369,368,370,-1,369,370,371,-1,371,370,372,-1,371,372,373,-1,373,372,374,-1,373,374,317,-1,318,315,316,-1,316,315,314,-1,316,314,375,-1,376,377,178,-1,378,379,380,-1,381,382,377,-1,380,376,378,-1,378,376,178,-1,378,178,383,-1,384,375,385,-1,385,375,180,-1,385,180,386,-1,382,387,377,-1,377,387,388,-1,377,388,389,-1,390,180,391,-1,391,180,178,-1,391,178,392,-1,392,178,377,-1,392,377,393,-1,393,377,389,-1,381,377,394,-1,394,377,386,-1,394,386,395,-1,396,397,386,-1,386,397,398,-1,386,398,395,-1,390,399,180,-1,180,399,400,-1,180,400,386,-1,386,400,401,-1,386,401,396,-1,385,383,384,-1,384,383,178,-1,384,178,402,-1,403,402,404,-1,405,406,365,-1,351,407,352,-1,352,407,366,-1,352,366,14,-1,14,366,365,-1,14,365,408,-1,408,365,406,-1,12,14,409,-1,408,410,411,-1,412,413,408,-1,408,413,414,-1,411,415,408,-1,408,415,416,-1,408,416,14,-1,14,416,417,-1,14,417,409,-1,412,418,419,-1,414,420,408,-1,408,420,421,-1,408,421,422,-1,423,424,425,-1,425,424,426,-1,425,426,427,-1,419,428,412,-1,412,428,429,-1,412,429,413,-1,422,430,408,-1,408,430,431,-1,408,431,410,-1,418,412,425,-1,425,412,432,-1,425,432,423,-1,10,433,434,-1,434,433,435,-1,434,435,436,-1,11,437,438,-1,438,439,11,-1,11,439,440,-1,11,440,9,-1,441,442,443,-1,444,445,446,-1,446,445,447,-1,446,447,11,-1,11,447,448,-1,11,448,437,-1,449,450,451,-1,451,450,452,-1,451,452,453,-1,454,455,207,-1,207,455,456,-1,207,456,451,-1,451,456,457,-1,451,457,449,-1,225,227,241,-1,241,227,261,-1,241,261,207,-1,207,261,263,-1,207,263,454,-1,22,201,23,-1,23,201,205,-1,23,205,254,-1,254,205,458,-1,254,458,210,-1,210,458,459,-1,210,459,211,-1,460,461,462,-1,182,180,463,-1,463,180,464,-1,463,464,193,-1,193,464,462,-1,193,462,192,-1,192,462,461,-1,192,461,465,-1,466,467,468,-1,462,469,460,-1,460,469,470,-1,460,470,471,-1,471,470,466,-1,471,466,472,-1,472,466,468,-1,473,474,20,-1,256,20,268,-1,268,20,474,-1,268,474,469,-1,469,474,475,-1,469,475,470,-1,20,8,473,-1,473,8,476,-1,473,476,477,-1,7,478,8,-1,8,478,479,-1,8,479,476,-1,480,481,482,-1,255,254,19,-1,19,254,480,-1,19,480,20,-1,20,480,482,-1,20,482,8,-1,8,482,483,-1,8,483,484,-1,485,486,487,-1,487,486,488,-1,487,488,480,-1,480,488,489,-1,480,489,481,-1,484,490,8,-1,8,490,491,-1,8,491,6,-1,492,493,494,-1,493,495,494,-1,494,495,496,-1,494,496,487,-1,487,496,497,-1,487,497,485,-1,498,75,499,-1,499,75,70,-1,499,70,500,-1,500,70,58,-1,500,58,501,-1,501,58,63,-1,501,63,502,-1,502,63,45,-1,502,45,503,-1,503,45,42,-1,503,42,504,-1,504,42,40,-1,505,506,443,-1,443,506,507,-1,508,446,29,-1,442,444,443,-1,443,444,446,-1,443,446,505,-1,505,446,508,-1,505,508,509,-1,5,443,3,-1,3,443,507,-1,3,507,29,-1,29,507,510,-1,29,510,508,-1,511,512,513,-1,512,511,514,-1,514,511,5,-1,514,5,515,-1,516,517,518,-1,518,517,514,-1,518,514,519,-1,519,514,515,-1,519,515,520,-1,520,515,521,-1,2,511,0,-1,0,511,513,-1,0,513,4,-1,4,513,522,-1,4,522,5,-1,5,522,523,-1,5,523,515,-1,10,434,11,-1,11,434,524,-1,11,524,446,-1,446,524,37,-1,446,37,29,-1,29,37,36,-1,29,36,30,-1,2,210,511,-1,511,210,212,-1,511,212,5,-1,5,212,207,-1,5,207,443,-1,443,207,451,-1,443,451,441,-1,441,451,453,-1,317,374,319,-1,319,374,525,-1,319,525,324,-1,324,525,526,-1,324,526,335,-1,335,526,527,-1,335,527,333,-1,333,527,528,-1,333,528,353,-1,353,528,436,-1,353,436,365,-1,365,436,435,-1,365,435,405,-1,375,314,180,-1,180,314,322,-1,180,322,464,-1,464,322,327,-1,464,327,462,-1,462,327,330,-1,462,330,469,-1,469,330,352,-1,469,352,268,-1,268,352,14,-1,268,14,263,-1,263,14,13,-1,263,13,454,-1,402,178,404,-1,404,178,179,-1,404,179,529,-1,529,179,192,-1,529,192,494,-1,494,192,465,-1,494,465,492,-1,403,404,530,-1,530,404,529,-1,530,529,531,-1,531,529,494,-1,531,494,532,-1,532,494,487,-1,532,487,533,-1,533,487,480,-1,533,480,534,-1,534,480,254,-1,534,254,535,-1,535,254,210,-1,535,210,536,-1,536,210,2,-1,536,2,537,-1,537,2,1,-1,537,1,73,-1,73,1,85,-1,73,85,74,-1,538,539,540,-1,541,540,542,-1,543,544,540,-1,545,541,546,-1,547,546,548,-1,548,546,541,-1,548,541,549,-1,549,541,542,-1,550,551,552,-1,553,554,555,-1,556,557,553,-1,553,557,558,-1,544,559,540,-1,540,559,560,-1,540,560,538,-1,548,552,547,-1,547,552,553,-1,547,553,561,-1,561,553,545,-1,561,545,562,-1,562,545,546,-1,539,563,540,-1,540,563,564,-1,540,564,542,-1,542,564,565,-1,542,565,566,-1,551,567,552,-1,552,567,568,-1,552,568,553,-1,553,568,569,-1,553,569,554,-1,555,570,553,-1,553,570,571,-1,553,571,556,-1,558,572,553,-1,553,572,573,-1,553,573,540,-1,540,573,574,-1,540,574,543,-1,566,575,542,-1,542,575,576,-1,542,576,552,-1,552,576,577,-1,552,577,550,-1,578,579,580,-1,580,579,581,-1,373,582,371,-1,371,582,583,-1,584,585,586,-1,586,585,587,-1,586,587,588,-1,588,587,589,-1,588,589,590,-1,590,589,591,-1,590,591,592,-1,592,591,593,-1,592,593,594,-1,594,593,595,-1,594,595,596,-1,596,595,597,-1,596,597,598,-1,598,597,599,-1,598,599,600,-1,600,599,601,-1,600,601,602,-1,602,601,603,-1,602,603,604,-1,604,603,605,-1,604,605,606,-1,606,605,607,-1,606,607,608,-1,608,607,609,-1,608,609,610,-1,610,609,553,-1,610,553,611,-1,611,553,540,-1,611,540,612,-1,612,540,613,-1,612,613,614,-1,614,613,615,-1,614,615,616,-1,616,615,617,-1,616,617,618,-1,618,617,619,-1,618,619,620,-1,620,619,621,-1,620,621,622,-1,622,621,372,-1,622,372,623,-1,623,372,368,-1,623,368,624,-1,624,368,625,-1,624,625,626,-1,626,625,627,-1,626,627,628,-1,628,627,629,-1,628,629,630,-1,630,629,631,-1,630,631,632,-1,632,631,633,-1,632,633,634,-1,634,633,635,-1,579,636,637,-1,599,597,638,-1,638,581,599,-1,599,581,579,-1,599,579,639,-1,639,579,637,-1,640,545,641,-1,641,545,642,-1,641,642,643,-1,643,642,644,-1,643,644,645,-1,645,644,646,-1,645,646,647,-1,647,646,648,-1,647,648,649,-1,649,648,650,-1,649,650,651,-1,651,650,639,-1,651,639,652,-1,652,639,637,-1,652,637,653,-1,653,637,654,-1,653,654,655,-1,655,654,656,-1,655,656,657,-1,657,656,658,-1,657,658,659,-1,659,658,660,-1,659,660,661,-1,661,660,662,-1,661,662,663,-1,663,662,664,-1,663,664,665,-1,665,664,666,-1,665,666,667,-1,667,666,668,-1,667,668,669,-1,669,668,670,-1,669,670,671,-1,671,670,672,-1,671,672,673,-1,673,672,674,-1,673,674,675,-1,675,674,676,-1,675,676,677,-1,677,676,498,-1,677,498,678,-1,678,498,504,-1,678,504,679,-1,679,504,680,-1,679,680,681,-1,681,680,682,-1,681,682,683,-1,683,682,684,-1,683,684,685,-1,685,684,686,-1,685,686,687,-1,687,686,688,-1,687,688,689,-1,689,688,541,-1,689,541,640,-1,640,541,545,-1,690,691,692,-1,693,694,666,-1,666,694,690,-1,666,690,695,-1,695,690,692,-1,666,664,693,-1,693,664,696,-1,693,696,691,-1,691,696,697,-1,691,697,692,-1,692,697,698,-1,692,698,664,-1,664,698,699,-1,664,699,696,-1,692,664,662,-1,692,662,700,-1,700,662,660,-1,700,660,701,-1,701,660,658,-1,701,658,702,-1,702,658,656,-1,702,656,703,-1,703,656,654,-1,703,654,704,-1,704,654,637,-1,704,637,636,-1,666,695,705,-1,666,705,668,-1,668,705,706,-1,668,706,670,-1,670,706,707,-1,670,707,672,-1,672,707,708,-1,672,708,674,-1,674,708,709,-1,674,709,676,-1,676,709,403,-1,676,403,498,-1,540,541,688,-1,540,688,613,-1,613,688,686,-1,613,686,615,-1,615,686,684,-1,615,684,617,-1,617,684,682,-1,617,682,619,-1,619,682,680,-1,619,680,621,-1,621,680,504,-1,621,504,372,-1,545,553,609,-1,545,609,642,-1,642,609,607,-1,642,607,644,-1,644,607,605,-1,644,605,646,-1,646,605,603,-1,646,603,648,-1,648,603,601,-1,648,601,650,-1,650,601,599,-1,650,599,639,-1,610,640,608,-1,608,640,641,-1,608,641,606,-1,606,641,643,-1,606,643,604,-1,604,643,645,-1,604,645,602,-1,602,645,647,-1,602,647,600,-1,600,647,649,-1,600,649,598,-1,598,649,651,-1,710,711,610,-1,712,713,689,-1,689,713,710,-1,689,710,611,-1,611,710,610,-1,689,640,712,-1,712,640,714,-1,712,714,711,-1,711,714,715,-1,711,715,610,-1,610,715,716,-1,610,716,640,-1,640,716,717,-1,640,717,714,-1,622,678,620,-1,620,678,679,-1,620,679,618,-1,618,679,681,-1,618,681,616,-1,616,681,683,-1,616,683,614,-1,614,683,685,-1,614,685,612,-1,612,685,687,-1,612,687,611,-1,611,687,689,-1,582,718,677,-1,622,623,719,-1,719,583,622,-1,622,583,582,-1,622,582,678,-1,678,582,677,-1,720,665,721,-1,721,665,667,-1,721,667,722,-1,722,667,669,-1,722,669,723,-1,723,669,671,-1,723,671,724,-1,724,671,673,-1,724,673,725,-1,725,673,675,-1,725,675,718,-1,718,675,677,-1,726,727,720,-1,728,729,663,-1,663,729,730,-1,663,730,731,-1,731,730,732,-1,720,727,665,-1,665,727,733,-1,665,733,734,-1,663,665,728,-1,728,665,734,-1,728,734,732,-1,732,734,726,-1,732,726,731,-1,731,726,720,-1,735,652,736,-1,736,652,653,-1,736,653,737,-1,737,653,655,-1,737,655,738,-1,738,655,657,-1,738,657,739,-1,739,657,659,-1,739,659,740,-1,740,659,661,-1,740,661,731,-1,731,661,663,-1,741,596,580,-1,580,596,598,-1,580,598,578,-1,578,598,651,-1,578,651,735,-1,735,651,652,-1,582,373,718,-1,718,373,403,-1,718,403,725,-1,725,403,709,-1,725,709,724,-1,724,709,708,-1,724,708,723,-1,723,708,707,-1,723,707,722,-1,722,707,706,-1,722,706,721,-1,721,706,705,-1,721,705,720,-1,720,705,695,-1,720,695,731,-1,731,695,692,-1,731,692,740,-1,740,692,700,-1,740,700,739,-1,739,700,701,-1,739,701,738,-1,738,701,702,-1,738,702,737,-1,737,702,703,-1,737,703,736,-1,736,703,704,-1,736,704,735,-1,735,704,636,-1,735,636,578,-1,578,636,579,-1,696,728,697,-1,697,728,732,-1,699,729,696,-1,696,729,728,-1,698,730,699,-1,699,730,729,-1,697,732,698,-1,698,732,730,-1,694,733,690,-1,690,733,727,-1,693,734,694,-1,694,734,733,-1,691,726,693,-1,693,726,734,-1,690,727,691,-1,691,727,726,-1,561,716,547,-1,547,716,715,-1,562,717,561,-1,561,717,716,-1,546,714,562,-1,562,714,717,-1,547,715,546,-1,546,715,714,-1,552,711,542,-1,542,711,710,-1,548,712,552,-1,552,712,711,-1,549,713,548,-1,548,713,712,-1,542,710,549,-1,549,710,713,-1,742,635,743,-1,743,635,744,-1,745,746,747,-1,745,747,743,-1,743,747,748,-1,743,748,742,-1,633,749,635,-1,635,749,750,-1,635,750,744,-1,744,750,751,-1,744,751,752,-1,752,753,744,-1,744,753,754,-1,744,754,755,-1,756,749,631,-1,631,749,633,-1,756,631,629,-1,756,629,757,-1,757,629,627,-1,757,627,758,-1,758,627,625,-1,758,625,759,-1,367,759,368,-1,368,759,625,-1,760,719,624,-1,624,719,623,-1,760,624,761,-1,761,624,626,-1,761,626,762,-1,762,626,628,-1,762,628,763,-1,763,628,630,-1,764,763,632,-1,632,763,630,-1,632,634,765,-1,765,634,766,-1,632,765,764,-1,764,765,767,-1,764,767,768,-1,766,769,765,-1,765,769,770,-1,765,770,771,-1,771,770,772,-1,773,767,774,-1,774,767,775,-1,773,776,767,-1,767,776,777,-1,767,777,768,-1,767,765,744,-1,744,765,743,-1,768,750,764,-1,764,750,749,-1,764,749,763,-1,763,749,756,-1,763,756,762,-1,762,756,757,-1,762,757,761,-1,761,757,758,-1,761,758,760,-1,760,758,759,-1,760,759,719,-1,719,759,367,-1,719,367,583,-1,583,367,371,-1,587,585,778,-1,778,585,779,-1,780,781,778,-1,778,781,782,-1,778,782,783,-1,784,785,783,-1,783,785,786,-1,783,786,778,-1,784,787,785,-1,785,787,788,-1,785,788,789,-1,779,790,778,-1,778,790,791,-1,778,791,780,-1,792,793,782,-1,782,793,783,-1,794,795,792,-1,792,795,584,-1,792,584,793,-1,794,796,795,-1,795,796,797,-1,795,797,798,-1,799,800,801,-1,801,800,802,-1,586,803,584,-1,584,803,804,-1,584,804,793,-1,793,804,800,-1,793,800,805,-1,805,800,799,-1,806,803,588,-1,588,803,586,-1,806,588,807,-1,807,588,590,-1,807,590,808,-1,808,590,592,-1,808,592,809,-1,809,592,594,-1,741,809,596,-1,596,809,594,-1,810,638,595,-1,595,638,597,-1,810,595,593,-1,810,593,811,-1,811,593,591,-1,811,591,812,-1,812,591,589,-1,812,589,813,-1,778,813,587,-1,587,813,589,-1,580,581,741,-1,741,581,638,-1,741,638,809,-1,809,638,810,-1,809,810,808,-1,808,810,811,-1,808,811,807,-1,807,811,812,-1,807,812,806,-1,806,812,813,-1,806,813,803,-1,803,813,778,-1,803,778,804,-1,804,778,786,-1,585,584,795,-1,585,795,779,-1,779,795,798,-1,779,798,790,-1,790,798,797,-1,790,797,791,-1,791,797,796,-1,791,796,780,-1,780,796,794,-1,780,794,781,-1,781,794,792,-1,781,792,782,-1,783,793,805,-1,783,805,784,-1,784,805,799,-1,784,799,787,-1,787,799,801,-1,787,801,788,-1,788,801,802,-1,788,802,789,-1,789,802,800,-1,789,800,785,-1,785,800,804,-1,785,804,786,-1,767,744,755,-1,767,755,775,-1,775,755,754,-1,775,754,774,-1,774,754,753,-1,774,753,773,-1,773,753,752,-1,773,752,776,-1,776,752,751,-1,776,751,777,-1,777,751,750,-1,777,750,768,-1,634,635,742,-1,634,742,766,-1,766,742,748,-1,766,748,769,-1,769,748,747,-1,769,747,770,-1,770,747,746,-1,770,746,772,-1,772,746,745,-1,772,745,771,-1,771,745,743,-1,771,743,765,-1,814,815,816,-1,816,815,817,-1,818,819,820,-1,820,819,821,-1,820,821,822,-1,822,821,823,-1,822,823,824,-1,824,823,825,-1,824,825,826,-1,826,825,827,-1,826,827,828,-1,828,827,829,-1,828,829,816,-1,816,829,814,-1,830,831,832,-1,831,830,814,-1,814,833,834,-1,835,833,814,-1,836,834,837,-1,837,834,833,-1,837,833,838,-1,838,833,835,-1,838,835,839,-1,840,832,841,-1,841,832,831,-1,841,831,842,-1,842,831,814,-1,843,836,844,-1,844,836,837,-1,844,837,845,-1,845,837,838,-1,845,838,846,-1,846,838,839,-1,846,839,847,-1,823,840,825,-1,825,840,841,-1,825,841,827,-1,827,841,842,-1,827,842,829,-1,829,842,814,-1,848,843,849,-1,849,843,844,-1,849,844,850,-1,850,844,845,-1,850,845,851,-1,851,845,846,-1,851,846,852,-1,852,846,847,-1,852,847,853,-1,823,853,840,-1,840,853,847,-1,840,847,832,-1,832,847,839,-1,832,839,830,-1,830,839,835,-1,830,835,814,-1,823,821,853,-1,853,821,854,-1,853,854,852,-1,852,854,855,-1,852,855,851,-1,851,855,856,-1,851,856,850,-1,850,856,857,-1,850,857,849,-1,849,857,858,-1,849,858,848,-1,848,858,859,-1,821,819,854,-1,854,819,860,-1,854,860,855,-1,855,860,861,-1,855,861,856,-1,856,861,862,-1,856,862,857,-1,857,862,863,-1,857,863,858,-1,858,863,864,-1,858,864,859,-1,859,864,865,-1,866,867,868,-1,867,866,816,-1,816,869,828,-1,870,869,816,-1,826,828,871,-1,871,828,869,-1,871,869,872,-1,872,869,870,-1,872,870,873,-1,874,868,875,-1,875,868,867,-1,875,867,876,-1,876,867,816,-1,824,826,877,-1,877,826,871,-1,877,871,878,-1,878,871,872,-1,878,872,879,-1,879,872,873,-1,879,873,880,-1,881,874,882,-1,882,874,875,-1,882,875,883,-1,883,875,876,-1,883,876,884,-1,884,876,816,-1,822,824,885,-1,885,824,877,-1,885,877,886,-1,886,877,878,-1,886,878,887,-1,887,878,879,-1,887,879,888,-1,888,879,880,-1,888,880,889,-1,881,889,874,-1,874,889,880,-1,874,880,868,-1,868,880,873,-1,868,873,866,-1,866,873,870,-1,866,870,816,-1,881,890,889,-1,889,890,891,-1,889,891,888,-1,888,891,892,-1,888,892,887,-1,887,892,893,-1,887,893,886,-1,886,893,894,-1,886,894,885,-1,885,894,895,-1,885,895,822,-1,822,895,820,-1,890,896,891,-1,891,896,897,-1,891,897,892,-1,892,897,898,-1,892,898,893,-1,893,898,899,-1,893,899,894,-1,894,899,900,-1,894,900,895,-1,895,900,901,-1,895,901,820,-1,820,901,818,-1,819,818,902,-1,819,902,903,-1,903,902,904,-1,903,904,905,-1,905,904,906,-1,905,906,907,-1,907,906,908,-1,907,908,909,-1,909,908,910,-1,909,910,911,-1,911,910,563,-1,911,563,539,-1,865,864,912,-1,912,864,913,-1,912,913,914,-1,914,913,915,-1,914,915,916,-1,916,915,917,-1,916,917,918,-1,918,917,919,-1,918,919,920,-1,920,919,921,-1,920,921,574,-1,574,921,543,-1,864,863,913,-1,913,863,922,-1,913,922,915,-1,915,922,923,-1,915,923,917,-1,917,923,924,-1,917,924,919,-1,919,924,925,-1,919,925,921,-1,921,925,926,-1,921,926,543,-1,543,926,544,-1,863,862,922,-1,922,862,927,-1,922,927,923,-1,923,927,928,-1,923,928,924,-1,924,928,929,-1,924,929,925,-1,925,929,930,-1,925,930,926,-1,926,930,931,-1,926,931,544,-1,544,931,559,-1,862,861,927,-1,927,861,932,-1,927,932,928,-1,928,932,933,-1,928,933,929,-1,929,933,934,-1,929,934,930,-1,930,934,935,-1,930,935,931,-1,931,935,936,-1,931,936,559,-1,559,936,560,-1,861,860,932,-1,932,860,937,-1,932,937,933,-1,933,937,938,-1,933,938,934,-1,934,938,939,-1,934,939,935,-1,935,939,940,-1,935,940,936,-1,936,940,941,-1,936,941,560,-1,560,941,538,-1,860,819,937,-1,937,819,903,-1,937,903,938,-1,938,903,905,-1,938,905,939,-1,939,905,907,-1,939,907,940,-1,940,907,909,-1,940,909,941,-1,941,909,911,-1,941,911,538,-1,538,911,539,-1,865,942,859,-1,859,942,943,-1,859,943,848,-1,848,943,944,-1,848,944,843,-1,843,944,945,-1,843,945,836,-1,836,945,946,-1,836,946,834,-1,834,946,947,-1,834,947,814,-1,814,947,815,-1,948,896,949,-1,949,896,890,-1,949,890,950,-1,950,890,881,-1,950,881,951,-1,951,881,882,-1,951,882,952,-1,952,882,883,-1,952,883,953,-1,953,883,884,-1,953,884,817,-1,817,884,816,-1,818,901,902,-1,902,901,954,-1,902,954,904,-1,904,954,955,-1,904,955,906,-1,906,955,956,-1,906,956,908,-1,908,956,957,-1,908,957,910,-1,910,957,958,-1,910,958,563,-1,563,958,564,-1,901,900,954,-1,954,900,959,-1,954,959,955,-1,955,959,960,-1,955,960,956,-1,956,960,961,-1,956,961,957,-1,957,961,962,-1,957,962,958,-1,958,962,963,-1,958,963,564,-1,564,963,565,-1,900,899,959,-1,959,899,964,-1,959,964,960,-1,960,964,965,-1,960,965,961,-1,961,965,966,-1,961,966,962,-1,962,966,967,-1,962,967,963,-1,963,967,968,-1,963,968,565,-1,565,968,566,-1,899,898,964,-1,964,898,969,-1,964,969,965,-1,965,969,970,-1,965,970,966,-1,966,970,971,-1,966,971,967,-1,967,971,972,-1,967,972,968,-1,968,972,973,-1,968,973,566,-1,566,973,575,-1,898,897,969,-1,969,897,974,-1,969,974,970,-1,970,974,975,-1,970,975,971,-1,971,975,976,-1,971,976,972,-1,972,976,977,-1,972,977,973,-1,973,977,978,-1,973,978,575,-1,575,978,576,-1,897,896,974,-1,974,896,979,-1,974,979,975,-1,975,979,980,-1,975,980,976,-1,976,980,981,-1,976,981,977,-1,977,981,982,-1,977,982,978,-1,978,982,983,-1,978,983,576,-1,576,983,577,-1,942,865,984,-1,984,865,912,-1,984,912,985,-1,985,912,986,-1,986,912,914,-1,986,914,987,-1,987,914,988,-1,988,914,916,-1,988,916,989,-1,989,916,990,-1,990,916,918,-1,990,918,991,-1,991,918,992,-1,992,918,920,-1,992,920,993,-1,993,920,994,-1,994,920,574,-1,994,574,573,-1,995,996,997,-1,996,995,815,-1,815,998,999,-1,1000,998,815,-1,1001,999,1002,-1,1002,999,998,-1,1002,998,1003,-1,1003,998,1000,-1,1003,1000,1004,-1,1005,997,1006,-1,1006,997,996,-1,1006,996,1007,-1,1007,996,815,-1,1008,1001,1009,-1,1009,1001,1002,-1,1009,1002,1010,-1,1010,1002,1003,-1,1010,1003,1011,-1,1011,1003,1004,-1,1011,1004,1012,-1,944,1005,945,-1,945,1005,1006,-1,945,1006,946,-1,946,1006,1007,-1,946,1007,947,-1,947,1007,815,-1,1013,1008,1014,-1,1014,1008,1009,-1,1014,1009,1015,-1,1015,1009,1010,-1,1015,1010,1016,-1,1016,1010,1011,-1,1016,1011,1017,-1,1017,1011,1012,-1,1017,1012,1018,-1,944,1018,1005,-1,1005,1018,1012,-1,1005,1012,997,-1,997,1012,1004,-1,997,1004,995,-1,995,1004,1000,-1,995,1000,815,-1,944,943,1018,-1,1018,943,1019,-1,1018,1019,1017,-1,1017,1019,1020,-1,1017,1020,1016,-1,1016,1020,1021,-1,1016,1021,1015,-1,1015,1021,1022,-1,1015,1022,1014,-1,1014,1022,1023,-1,1014,1023,1013,-1,1013,1023,1024,-1,943,942,1019,-1,1019,942,1025,-1,1019,1025,1020,-1,1020,1025,1026,-1,1020,1026,1021,-1,1021,1026,1027,-1,1021,1027,1022,-1,1022,1027,1028,-1,1022,1028,1023,-1,1023,1028,1029,-1,1023,1029,1024,-1,1024,1029,1030,-1,1031,1032,1033,-1,1032,1031,817,-1,817,1034,953,-1,1035,1034,817,-1,952,953,1036,-1,1036,953,1034,-1,1036,1034,1037,-1,1037,1034,1035,-1,1037,1035,1038,-1,1039,1033,1040,-1,1040,1033,1032,-1,1040,1032,1041,-1,1041,1032,817,-1,951,952,1042,-1,1042,952,1036,-1,1042,1036,1043,-1,1043,1036,1037,-1,1043,1037,1044,-1,1044,1037,1038,-1,1044,1038,1045,-1,1046,1039,1047,-1,1047,1039,1040,-1,1047,1040,1048,-1,1048,1040,1041,-1,1048,1041,1049,-1,1049,1041,817,-1,950,951,1050,-1,1050,951,1042,-1,1050,1042,1051,-1,1051,1042,1043,-1,1051,1043,1052,-1,1052,1043,1044,-1,1052,1044,1053,-1,1053,1044,1045,-1,1053,1045,1054,-1,1046,1054,1039,-1,1039,1054,1045,-1,1039,1045,1033,-1,1033,1045,1038,-1,1033,1038,1031,-1,1031,1038,1035,-1,1031,1035,817,-1,1046,1055,1054,-1,1054,1055,1056,-1,1054,1056,1053,-1,1053,1056,1057,-1,1053,1057,1052,-1,1052,1057,1058,-1,1052,1058,1051,-1,1051,1058,1059,-1,1051,1059,1050,-1,1050,1059,1060,-1,1050,1060,950,-1,950,1060,949,-1,1055,1061,1056,-1,1056,1061,1062,-1,1056,1062,1057,-1,1057,1062,1063,-1,1057,1063,1058,-1,1058,1063,1064,-1,1058,1064,1059,-1,1059,1064,1065,-1,1059,1065,1060,-1,1060,1065,1066,-1,1060,1066,949,-1,949,1066,948,-1,896,948,1067,-1,896,1067,979,-1,979,1067,1068,-1,979,1068,980,-1,980,1068,1069,-1,980,1069,981,-1,981,1069,1070,-1,981,1070,982,-1,982,1070,1071,-1,982,1071,983,-1,983,1071,550,-1,983,550,577,-1,1072,1025,942,-1,1030,1029,1073,-1,1073,1029,1074,-1,1073,1074,1075,-1,1075,1074,1076,-1,942,984,1072,-1,1072,984,985,-1,1072,985,1077,-1,1078,1079,1076,-1,1076,1079,1080,-1,1076,1080,1075,-1,985,986,1077,-1,1077,986,987,-1,1077,987,1081,-1,1082,1083,1078,-1,1078,1083,1084,-1,1078,1084,1079,-1,987,988,1081,-1,1081,988,989,-1,1081,989,1085,-1,1086,1087,1088,-1,1088,1087,1089,-1,1088,1089,1082,-1,1082,1089,1090,-1,1082,1090,1083,-1,1029,1028,1074,-1,1074,1028,1091,-1,1074,1091,1076,-1,1076,1091,1092,-1,1076,1092,1078,-1,1078,1092,1093,-1,1078,1093,1082,-1,1082,1093,1094,-1,1082,1094,1088,-1,1088,1094,1095,-1,1028,1027,1091,-1,1091,1027,1096,-1,1091,1096,1092,-1,1092,1096,1097,-1,1092,1097,1093,-1,1093,1097,1098,-1,1093,1098,1094,-1,1094,1098,1099,-1,1094,1099,1095,-1,1095,1099,1100,-1,1027,1026,1096,-1,1096,1026,1101,-1,1096,1101,1097,-1,1097,1101,1102,-1,1097,1102,1098,-1,1098,1102,1103,-1,1098,1103,1099,-1,1099,1103,1104,-1,1099,1104,1100,-1,1100,1104,1105,-1,1026,1025,1101,-1,1101,1025,1072,-1,1101,1072,1102,-1,1102,1072,1077,-1,1102,1077,1103,-1,1103,1077,1081,-1,1103,1081,1104,-1,1104,1081,1085,-1,1104,1085,1105,-1,1105,1085,1106,-1,570,1107,1108,-1,1108,1107,1086,-1,989,990,1085,-1,1085,990,991,-1,1085,991,1106,-1,1106,991,992,-1,1106,992,993,-1,1086,1088,1108,-1,1108,1088,1095,-1,1108,1095,1109,-1,1109,1095,1100,-1,1109,1100,1110,-1,1110,1100,1105,-1,1110,1105,1111,-1,1111,1105,1106,-1,1111,1106,1112,-1,1112,1106,993,-1,1112,993,994,-1,570,1108,571,-1,571,1108,1109,-1,571,1109,556,-1,556,1109,1110,-1,556,1110,557,-1,557,1110,1111,-1,557,1111,558,-1,558,1111,1112,-1,558,1112,572,-1,572,1112,994,-1,572,994,573,-1,1030,1061,1024,-1,1024,1061,1055,-1,1024,1055,1013,-1,1013,1055,1046,-1,1013,1046,1008,-1,1008,1046,1047,-1,1008,1047,1001,-1,1001,1047,1048,-1,1001,1048,999,-1,999,1048,1049,-1,999,1049,815,-1,815,1049,817,-1,948,1066,1067,-1,1067,1066,1113,-1,1067,1113,1068,-1,1068,1113,1114,-1,1068,1114,1069,-1,1069,1114,1115,-1,1069,1115,1070,-1,1070,1115,1116,-1,1070,1116,1071,-1,1071,1116,1117,-1,1071,1117,550,-1,550,1117,551,-1,1066,1065,1113,-1,1113,1065,1118,-1,1113,1118,1114,-1,1114,1118,1119,-1,1114,1119,1115,-1,1115,1119,1120,-1,1115,1120,1116,-1,1116,1120,1121,-1,1116,1121,1117,-1,1117,1121,1122,-1,1117,1122,551,-1,551,1122,567,-1,1065,1064,1118,-1,1118,1064,1123,-1,1118,1123,1119,-1,1119,1123,1124,-1,1119,1124,1120,-1,1120,1124,1125,-1,1120,1125,1121,-1,1121,1125,1126,-1,1121,1126,1122,-1,1122,1126,1127,-1,1122,1127,567,-1,567,1127,568,-1,1064,1063,1123,-1,1123,1063,1128,-1,1123,1128,1124,-1,1124,1128,1129,-1,1124,1129,1125,-1,1125,1129,1130,-1,1125,1130,1126,-1,1126,1130,1131,-1,1126,1131,1127,-1,1127,1131,1132,-1,1127,1132,568,-1,568,1132,569,-1,1063,1062,1128,-1,1128,1062,1133,-1,1128,1133,1129,-1,1129,1133,1134,-1,1129,1134,1130,-1,1130,1134,1135,-1,1130,1135,1131,-1,1131,1135,1136,-1,1131,1136,1132,-1,1132,1136,1137,-1,1132,1137,569,-1,569,1137,554,-1,1062,1061,1133,-1,1133,1061,1138,-1,1133,1138,1134,-1,1134,1138,1139,-1,1134,1139,1135,-1,1135,1139,1140,-1,1135,1140,1136,-1,1136,1140,1141,-1,1136,1141,1137,-1,1137,1141,1142,-1,1137,1142,554,-1,554,1142,555,-1,1030,1073,1061,-1,1061,1073,1138,-1,1073,1075,1138,-1,1138,1075,1080,-1,1138,1080,1139,-1,1080,1079,1139,-1,1139,1079,1084,-1,1139,1084,1140,-1,1084,1083,1140,-1,1140,1083,1090,-1,1140,1090,1141,-1,1090,1089,1141,-1,1141,1089,1087,-1,1141,1087,1142,-1,1142,1087,1086,-1,1142,1086,555,-1,555,1086,1107,-1,555,1107,570,-1,
        ]
    }
}
Shape{
    appearance Appearance {
        material  Material 	{
            diffuseColor 0.0 0.0 0.0
            specularColor 0.0 0.0 0.0
            ambientIntensity 0.2
            transparency 0
            shininess 0.5
        }
    }
    geometry IndexedFaceSet {
        ccw TRUE
        solid FALSE
        coord DEF co Coordinate {
            point [
                2.3661 -2.9271 0.9392, 2.3661 -2.9271 0.924, 2.3622 -2.9271 0.9392, 2.3622 -2.9271 0.924, 2.3661 -2.9803 0.9392, 2.3622 -2.9803 0.9392, 2.3661 -2.9803 1.0574, 2.3622 -2.9803 1.0574, 2.3661 -2.9975 1.0574, 2.3622 -2.9975 1.0574, 2.3661 -2.9975 0.924, 2.3622 -2.9975 0.924, 2.3661 -2.8587 0.9217, 2.3622 -2.8587 0.9217, 2.3661 -2.8383 0.9237, 2.3622 -2.8469 0.9229, 2.3622 -2.8383 0.9237, 2.3622 -2.824 0.9284, 2.3661 -2.824 0.9284, 2.3622 -2.8217 0.9295, 2.3661 -2.8217 0.9295, 2.3661 -2.8217 0.946, 2.3622 -2.8217 0.946, 2.3622 -2.833 0.9407, 2.3661 -2.833 0.9407, 2.3622 -2.8478 0.9375, 2.3661 -2.8478 0.9375, 2.3622 -2.8562 0.9371, 2.3661 -2.8562 0.9371, 2.3622 -2.8685 0.9384, 2.3661 -2.8685 0.9384, 2.3622 -2.8782 0.9419, 2.3661 -2.8782 0.9419, 2.3622 -2.8871 0.9479, 2.3661 -2.8871 0.9479, 2.3622 -2.8905 0.9511, 2.3661 -2.8905 0.9511, 2.3622 -2.8969 0.96, 2.3661 -2.8969 0.96, 2.3622 -2.9012 0.9708, 2.3661 -2.9012 0.9708, 2.3622 -2.9034 0.984, 2.3661 -2.9034 0.984, 2.3622 -2.9036 0.9892, 2.3661 -2.9036 0.9892, 2.3622 -2.9014 1.0074, 2.3661 -2.9014 1.0074, 2.3622 -2.8969 1.019, 2.3661 -2.8969 1.019, 2.3622 -2.8905 1.0283, 2.3661 -2.8905 1.0283, 2.3622 -2.8895 1.0293, 2.3661 -2.8895 1.0293, 2.3622 -2.8808 1.0366, 2.3661 -2.8808 1.0366, 2.3622 -2.8703 1.0416, 2.3661 -2.8703 1.0416, 2.3622 -2.8588 1.0439, 2.3661 -2.8588 1.0439, 2.3622 -2.8532 1.0441, 2.3661 -2.8532 1.0441, 2.3622 -2.8368 1.0422, 2.3661 -2.8368 1.0422, 2.3622 -2.8232 1.037, 2.3661 -2.8232 1.037, 2.3622 -2.8217 1.0362, 2.3661 -2.8217 1.0362, 2.3661 -2.8217 1.0542, 2.3622 -2.8217 1.0542, 2.3622 -2.8534 1.0597, 2.3661 -2.8534 1.0597, 2.3622 -2.839 1.0586, 2.3661 -2.8359 1.0583, 2.3622 -2.8359 1.0583, 2.3622 -2.8627 1.0586, 2.3661 -2.8726 1.0574, 2.3622 -2.8726 1.0574, 2.3622 -2.8865 1.052, 2.3661 -2.8865 1.052, 2.3622 -2.8994 1.0429, 2.3661 -2.8994 1.0429, 2.3622 -2.9024 1.04, 2.3661 -2.9024 1.04, 2.3622 -2.912 1.0274, 2.3622 -2.9157 1.0189, 2.3661 -2.9184 1.0126, 2.3661 -2.912 1.0274, 2.3622 -2.9184 1.0126, 2.3622 -2.9214 0.9952, 2.3661 -2.9214 0.9952, 2.3622 -2.9216 0.9882, 2.3661 -2.9216 0.9882, 2.3622 -2.919 0.9666, 2.3622 -2.9157 0.9579, 2.3661 -2.9136 0.9527, 2.3661 -2.919 0.9666, 2.3622 -2.9136 0.9527, 2.3622 -2.9057 0.9412, 2.3661 -2.9057 0.9412, 2.3622 -2.9045 0.94, 2.3661 -2.9045 0.94, 2.3622 -2.8827 0.9256, 2.3661 -2.8951 0.9319, 2.3622 -2.8951 0.9319, 2.3622 -2.8709 0.9229, 2.3661 -2.8685 0.9223, 2.3661 -2.8827 0.9256, 2.3622 -2.8685 0.9223, 2.3661 -2.7232 0.9392, 2.3661 -2.7232 0.924, 2.3622 -2.7232 0.9392, 2.3622 -2.7232 0.924, 2.3622 -2.7778 0.9392, 2.3661 -2.7778 0.9392, 2.3622 -2.7418 0.9392, 2.3661 -2.7778 0.9841, 2.3622 -2.7778 0.9841, 2.3661 -2.7301 0.9841, 2.3622 -2.7418 0.9841, 2.3622 -2.7301 0.9841, 2.3661 -2.7301 0.9994, 2.3622 -2.7301 0.9994, 2.3622 -2.7778 0.9994, 2.3661 -2.7778 0.9994, 2.3622 -2.7418 0.9994, 2.3661 -2.7778 1.0421, 2.3622 -2.7778 1.0421, 2.3622 -2.7263 1.0421, 2.3661 -2.7263 1.0421, 2.3622 -2.7418 1.0421, 2.3661 -2.7263 1.0574, 2.3622 -2.7263 1.0574, 2.3622 -2.795 1.0574, 2.3661 -2.795 1.0574, 2.3622 -2.7418 1.0574, 2.3661 -2.795 0.924, 2.3622 -2.795 0.924, 2.3622 -2.7418 0.924, 2.3661 -2.6151 0.9614, 2.3661 -2.6218 0.9531, 2.3661 -2.6095 0.9427, 2.3661 -2.6234 0.9516, 2.3661 -2.6236 0.9326, 2.3661 -2.632 0.9456, 2.3661 -2.6388 0.9267, 2.3661 -2.6431 0.9414, 2.3661 -2.6613 0.924, 2.3661 -2.6614 0.9392, 2.3661 -2.698 0.924, 2.3661 -2.6808 0.9392, 2.3661 -2.698 1.0574, 2.3661 -2.6808 1.0421, 2.3661 -2.66 1.0574, 2.3661 -2.6606 1.0421, 2.3661 -2.6396 1.0552, 2.3661 -2.6429 1.0401, 2.3661 -2.6235 1.0493, 2.3661 -2.6315 1.0358, 2.3661 -2.6095 1.0398, 2.3661 -2.6221 1.0295, 2.3661 -2.6047 1.0351, 2.3661 -2.6183 1.0258, 2.3661 -2.5965 1.0235, 2.3661 -2.6132 1.0183, 2.3661 -2.5916 1.0107, 2.3661 -2.6094 1.0085, 2.3661 -2.5894 0.9924, 2.3661 -2.6075 0.9919, 2.3661 -2.5901 0.9813, 2.3661 -2.6079 0.9836, 2.3661 -2.5938 0.9661, 2.3661 -2.6105 0.9714, 2.3661 -2.6009 0.9526, 2.3622 -2.6613 0.924, 2.3622 -2.698 0.924, 2.3622 -2.6095 0.9427, 2.3622 -2.6388 0.9267, 2.3622 -2.6369 0.9275, 2.3622 -2.6236 0.9326, 2.3622 -2.6009 0.9526, 2.3622 -2.5938 0.9661, 2.3622 -2.5901 0.9813, 2.3622 -2.5894 0.9924, 2.3622 -2.5916 1.0107, 2.3622 -2.5965 1.0235, 2.3622 -2.6047 1.0351, 2.3622 -2.6095 1.0398, 2.3622 -2.6235 1.0493, 2.3622 -2.6369 1.0542, 2.3622 -2.6396 1.0552, 2.3622 -2.66 1.0574, 2.3622 -2.698 1.0574, 2.3622 -2.6606 1.0421, 2.3622 -2.6808 1.0421, 2.3622 -2.6808 0.9392, 2.3622 -2.6614 0.9392, 2.3622 -2.6218 0.9531, 2.3622 -2.6234 0.9516, 2.3622 -2.632 0.9456, 2.3622 -2.6431 0.9414, 2.3622 -2.6075 0.9919, 2.3622 -2.6079 0.9836, 2.3622 -2.6105 0.9714, 2.3622 -2.6151 0.9614, 2.3622 -2.6221 1.0295, 2.3622 -2.6183 1.0258, 2.3622 -2.6132 1.0183, 2.3622 -2.6094 1.0085, 2.3622 -2.6429 1.0401, 2.3622 -2.6315 1.0358, 2.3622 -2.6315 1.0358
            ]
        }
        coordIndex [
            0,1,2,-1,2,1,3,-1,4,0,5,-1,5,0,2,-1,6,4,7,-1,7,4,5,-1,8,6,9,-1,9,6,7,-1,10,8,11,-1,11,8,9,-1,1,10,3,-1,3,10,11,-1,6,8,4,-1,4,8,10,-1,4,10,0,-1,0,10,1,-1,12,13,14,-1,14,13,15,-1,15,16,14,-1,14,16,17,-1,14,17,18,-1,18,17,19,-1,18,19,20,-1,21,20,22,-1,22,20,19,-1,21,22,23,-1,21,23,24,-1,24,23,25,-1,24,25,26,-1,26,25,27,-1,26,27,28,-1,28,27,29,-1,28,29,30,-1,30,29,31,-1,30,31,32,-1,32,31,33,-1,32,33,34,-1,34,33,35,-1,34,35,36,-1,36,35,37,-1,36,37,38,-1,38,37,39,-1,38,39,40,-1,40,39,41,-1,40,41,42,-1,42,41,43,-1,42,43,44,-1,44,43,45,-1,44,45,46,-1,46,45,47,-1,46,47,48,-1,48,47,49,-1,48,49,50,-1,50,49,51,-1,50,51,52,-1,52,51,53,-1,52,53,54,-1,54,53,55,-1,54,55,56,-1,56,55,57,-1,56,57,58,-1,58,57,59,-1,58,59,60,-1,60,59,61,-1,60,61,62,-1,62,61,63,-1,62,63,64,-1,64,63,65,-1,64,65,66,-1,67,66,68,-1,68,66,65,-1,69,70,71,-1,71,70,72,-1,71,72,73,-1,73,72,67,-1,73,67,68,-1,70,69,74,-1,70,74,75,-1,74,76,75,-1,75,76,77,-1,75,77,78,-1,78,77,79,-1,78,79,80,-1,80,79,81,-1,80,81,82,-1,82,81,83,-1,84,85,83,-1,83,85,86,-1,83,86,82,-1,84,87,85,-1,85,87,88,-1,85,88,89,-1,89,88,90,-1,89,90,91,-1,91,90,92,-1,93,94,92,-1,92,94,95,-1,92,95,91,-1,93,96,94,-1,94,96,97,-1,94,97,98,-1,98,97,99,-1,98,99,100,-1,101,102,103,-1,103,102,100,-1,103,100,99,-1,104,105,101,-1,101,105,106,-1,101,106,102,-1,104,107,105,-1,105,107,13,-1,105,13,12,-1,46,48,86,-1,54,56,75,-1,86,48,82,-1,75,56,70,-1,75,78,54,-1,54,78,80,-1,54,80,52,-1,52,80,82,-1,52,82,50,-1,50,82,48,-1,56,58,70,-1,70,58,60,-1,70,60,72,-1,72,60,62,-1,72,62,67,-1,67,62,64,-1,67,64,66,-1,91,44,89,-1,89,44,46,-1,89,46,85,-1,85,46,86,-1,20,21,18,-1,18,21,24,-1,18,24,14,-1,14,24,26,-1,14,26,12,-1,12,26,28,-1,12,28,105,-1,105,28,30,-1,105,30,106,-1,106,30,32,-1,106,32,102,-1,102,32,34,-1,102,34,100,-1,100,34,36,-1,100,36,98,-1,98,36,38,-1,98,38,94,-1,94,38,95,-1,95,38,40,-1,95,40,91,-1,91,40,42,-1,91,42,44,-1,108,109,110,-1,110,109,111,-1,112,113,114,-1,114,113,108,-1,114,108,110,-1,115,113,116,-1,116,113,112,-1,115,116,117,-1,117,116,118,-1,117,118,119,-1,120,117,121,-1,121,117,119,-1,122,123,124,-1,124,123,120,-1,124,120,121,-1,125,123,126,-1,126,123,122,-1,127,128,129,-1,129,128,125,-1,129,125,126,-1,130,128,131,-1,131,128,127,-1,132,133,134,-1,134,133,130,-1,134,130,131,-1,135,133,136,-1,136,133,132,-1,111,109,137,-1,137,109,135,-1,137,135,136,-1,128,130,125,-1,125,130,133,-1,125,133,123,-1,109,108,135,-1,135,108,113,-1,135,113,115,-1,117,120,115,-1,115,120,123,-1,115,123,135,-1,135,123,133,-1,138,139,140,-1,140,139,141,-1,140,141,142,-1,142,141,143,-1,142,143,144,-1,144,143,145,-1,144,145,146,-1,146,145,147,-1,146,147,148,-1,148,147,149,-1,148,149,150,-1,150,149,151,-1,150,151,152,-1,152,151,153,-1,152,153,154,-1,154,153,155,-1,154,155,156,-1,156,155,157,-1,156,157,158,-1,158,157,159,-1,158,159,160,-1,160,159,161,-1,160,161,162,-1,162,161,163,-1,162,163,164,-1,164,163,165,-1,164,165,166,-1,166,165,167,-1,166,167,168,-1,168,167,169,-1,168,169,170,-1,170,169,171,-1,170,171,172,-1,172,171,138,-1,172,138,140,-1,146,148,173,-1,173,148,174,-1,175,140,142,-1,146,173,176,-1,146,176,144,-1,144,176,177,-1,144,177,142,-1,142,177,178,-1,142,178,175,-1,140,175,179,-1,140,179,172,-1,172,179,180,-1,172,180,170,-1,170,180,181,-1,170,181,168,-1,168,181,182,-1,168,182,166,-1,166,182,183,-1,166,183,164,-1,164,183,184,-1,164,184,162,-1,162,184,185,-1,162,185,160,-1,160,185,186,-1,160,186,158,-1,158,186,187,-1,188,154,187,-1,187,154,156,-1,187,156,158,-1,188,189,154,-1,154,189,190,-1,154,190,152,-1,150,152,191,-1,191,152,190,-1,148,150,174,-1,174,150,191,-1,153,151,192,-1,192,151,193,-1,151,149,193,-1,193,149,194,-1,149,147,194,-1,194,147,195,-1,139,196,197,-1,139,197,141,-1,141,197,198,-1,141,198,143,-1,143,198,199,-1,143,199,145,-1,145,199,195,-1,145,195,147,-1,167,200,201,-1,167,201,169,-1,169,201,202,-1,169,202,171,-1,171,202,203,-1,171,203,138,-1,138,203,196,-1,138,196,139,-1,159,204,205,-1,159,205,161,-1,161,205,206,-1,161,206,163,-1,163,206,207,-1,163,207,165,-1,165,207,200,-1,165,200,167,-1,153,192,208,-1,153,208,155,-1,155,208,209,-1,155,209,157,-1,157,209,204,-1,157,204,159,-1,
        ]
    }
}
Shape{
    appearance Appearance {
        material  Material 	{
            diffuseColor 0.7529411764705882 0.7529411764705882 0.7529411764705882
            specularColor 0.3764705882352941 0.3764705882352941 0.3764705882352941
            ambientIntensity 0.2
            transparency 0
            shininess 0.5
        }
    }
    geometry IndexedFaceSet {
        ccw TRUE
        solid FALSE
        coord DEF co Coordinate {
            point [
                2.3622 -2.6808 1.0421, 2.3622 -2.6808 0.9392, 2.3622 -2.6606 1.0421, 2.3622 -2.6614 0.9392, 2.3622 -2.6431 0.9414, 2.3622 -2.632 0.9456, 2.3622 -2.6234 0.9516, 2.3622 -2.6218 0.9531, 2.3622 -2.6151 0.9614, 2.3622 -2.6105 0.9714, 2.3622 -2.6075 0.9919, 2.3622 -2.6221 1.0295, 2.3622 -2.6315 1.0358, 2.3622 -2.6094 1.0085, 2.3622 -2.6132 1.0183, 2.3622 -2.6183 1.0258, 2.3622 -2.6079 0.9836, 2.3622 -2.6429 1.0401, 2.3622 -2.6429 1.0401
            ]
        }
        coordIndex [
            0,1,2,-1,2,1,3,-1,3,4,2,-1,2,4,5,-1,2,5,6,-1,6,7,2,-1,2,7,8,-1,2,8,9,-1,10,11,12,-1,13,14,10,-1,10,14,15,-1,10,15,11,-1,9,16,2,-1,2,16,10,-1,2,10,17,-1,17,10,12,-1,
        ]
    }
}
Shape{
    appearance Appearance {
        material  Material 	{
            diffuseColor 0.0 0.0 0.0
            specularColor 0.0 0.0 0.0
            ambientIntensity 0.2
            transparency 0
            shininess 0.5
        }
    }
    geometry IndexedFaceSet {
        ccw TRUE
        solid FALSE
        coord DEF co Coordinate {
            point [
                2.3661 -2.5447 0.9756, 2.3661 -2.5501 0.9605, 2.3661 -2.4999 0.9756, 2.3661 -2.4946 0.9605, 2.3661 -2.5247 1.031, 2.3661 -2.5312 1.0574, 2.3661 -2.582 0.924, 2.3661 -2.5629 0.924, 2.3661 -2.5236 1.035, 2.3661 -2.5225 1.0404, 2.3661 -2.5127 1.0574, 2.3661 -2.5221 1.0404, 2.3661 -2.521 1.0347, 2.3661 -2.52 1.031, 2.3661 -2.4619 0.924, 2.3661 -2.4809 0.924, 2.3622 -2.5127 1.0574, 2.3622 -2.4619 0.924, 2.3622 -2.5312 1.0574, 2.3622 -2.582 0.924, 2.3622 -2.5435 1.025, 2.3622 -2.5629 0.924, 2.3622 -2.5501 0.9605, 2.3622 -2.4946 0.9605, 2.3622 -2.5435 0.9605, 2.3622 -2.4809 0.924, 2.3622 -2.5447 0.9756, 2.3622 -2.4999 0.9756, 2.3622 -2.52 1.031, 2.3622 -2.5221 1.0404, 2.3622 -2.521 1.0347, 2.3622 -2.5225 1.0404, 2.3622 -2.5247 1.031, 2.3622 -2.5236 1.035, 2.3622 -2.5236 1.035
            ]
        }
        coordIndex [
            0,1,2,-1,2,1,3,-1,4,5,0,-1,0,5,6,-1,0,6,1,-1,1,6,7,-1,4,8,5,-1,5,8,9,-1,5,9,10,-1,10,9,11,-1,10,11,12,-1,12,13,10,-1,10,13,2,-1,10,2,14,-1,14,2,3,-1,14,3,15,-1,10,14,16,-1,16,14,17,-1,5,10,18,-1,18,10,16,-1,19,6,20,-1,20,6,5,-1,20,5,18,-1,7,6,21,-1,21,6,19,-1,1,7,22,-1,22,7,21,-1,23,3,24,-1,24,3,1,-1,24,1,22,-1,15,3,25,-1,25,3,23,-1,14,15,17,-1,17,15,25,-1,0,2,26,-1,26,2,27,-1,2,13,27,-1,27,13,28,-1,11,29,30,-1,11,30,12,-1,12,30,28,-1,12,28,13,-1,11,9,29,-1,29,9,31,-1,4,32,33,-1,4,33,8,-1,8,33,31,-1,8,31,9,-1,4,0,32,-1,32,0,26,-1,
        ]
    }
}
Shape{
    appearance Appearance {
        material  Material 	{
            diffuseColor 0.7529411764705882 0.7529411764705882 0.7529411764705882
            specularColor 0.3764705882352941 0.3764705882352941 0.3764705882352941
            ambientIntensity 0.2
            transparency 0
            shininess 0.5
        }
    }
    geometry IndexedFaceSet {
        ccw TRUE
        solid FALSE
        coord DEF co Coordinate {
            point [
                2.3622 -2.5221 1.0404, 2.3622 -2.5225 1.0404, 2.3622 -2.521 1.0347, 2.3622 -2.5236 1.035, 2.3622 -2.52 1.031, 2.3622 -2.5247 1.031, 2.3622 -2.4999 0.9756, 2.3622 -2.5447 0.9756, 2.3622 -2.5447 0.9756
            ]
        }
        coordIndex [
            0,1,2,-1,2,1,3,-1,2,3,4,-1,4,3,5,-1,4,5,6,-1,6,5,7,-1,
        ]
    }
}
Shape{
    appearance Appearance {
        material  Material 	{
            diffuseColor 0.0 0.0 0.0
            specularColor 0.0 0.0 0.0
            ambientIntensity 0.2
            transparency 0
            shininess 0.5
        }
    }
    geometry IndexedFaceSet {
        ccw TRUE
        solid FALSE
        coord DEF co Coordinate {
            point [
                2.3661 -2.9257 0.7275, 2.3661 -2.9257 0.7123, 2.3622 -2.9257 0.7275, 2.3622 -2.9257 0.7123, 2.3661 -2.9803 0.7275, 2.3622 -2.9803 0.7275, 2.3661 -2.9803 0.7724, 2.3622 -2.9803 0.7724, 2.3661 -2.9325 0.7724, 2.3622 -2.9325 0.7724, 2.3661 -2.9325 0.7877, 2.3622 -2.9325 0.7877, 2.3661 -2.9803 0.7877, 2.3622 -2.9803 0.7877, 2.3661 -2.9803 0.8304, 2.3622 -2.9803 0.8304, 2.3661 -2.9287 0.8304, 2.3622 -2.9287 0.8304, 2.3661 -2.9287 0.8457, 2.3622 -2.9287 0.8457, 2.3661 -2.9975 0.8457, 2.3622 -2.9975 0.8457, 2.3661 -2.9975 0.7123, 2.3622 -2.9975 0.7123, 2.3661 -2.8503 0.727, 2.3661 -2.8498 0.727, 2.3661 -2.8509 0.7424, 2.3661 -2.8499 0.7499, 2.3661 -2.8331 0.7736, 2.3661 -2.8498 0.751, 2.3661 -2.8498 0.7601, 2.3661 -2.8498 0.7123, 2.3661 -2.8331 0.7123, 2.3661 -2.8862 0.7529, 2.3661 -2.8822 0.7548, 2.3661 -2.8908 0.7658, 2.3661 -2.8534 0.7364, 2.3661 -2.857 0.7315, 2.3661 -2.8529 0.723, 2.3661 -2.8591 0.7295, 2.3661 -2.8582 0.7173, 2.3661 -2.8638 0.7263, 2.3661 -2.8641 0.7135, 2.3661 -2.8689 0.7245, 2.3661 -2.8708 0.711, 2.3661 -2.8751 0.7238, 2.3661 -2.8795 0.71, 2.3661 -2.8808 0.7244, 2.3661 -2.8895 0.7112, 2.3661 -2.8846 0.7258, 2.3661 -2.8959 0.7136, 2.3661 -2.8879 0.7281, 2.3661 -2.9015 0.7175, 2.3661 -2.8893 0.7295, 2.3661 -2.8781 0.7689, 2.3661 -2.8721 0.7571, 2.3661 -2.8498 0.7729, 2.3661 -2.8883 0.7512, 2.3661 -2.8979 0.7621, 2.3661 -2.8903 0.7488, 2.3661 -2.903 0.7577, 2.3661 -2.8918 0.7457, 2.3661 -2.9063 0.7529, 2.3661 -2.8926 0.7418, 2.3661 -2.9086 0.747, 2.3661 -2.8928 0.7392, 2.3661 -2.9097 0.7378, 2.3661 -2.8923 0.7353, 2.3661 -2.9089 0.7302, 2.3661 -2.8912 0.7323, 2.3661 -2.9069 0.7246, 2.3661 -2.9034 0.7194, 2.3661 -2.9004 0.8009, 2.3661 -2.9004 0.7847, 2.3661 -2.8969 0.803, 2.3661 -2.8899 0.7914, 2.3661 -2.8844 0.8078, 2.3661 -2.8795 0.7951, 2.3661 -2.8676 0.8098, 2.3661 -2.8691 0.7962, 2.3661 -2.8578 0.8089, 2.3661 -2.8635 0.7956, 2.3661 -2.8507 0.8068, 2.3661 -2.8596 0.7943, 2.3661 -2.8451 0.8037, 2.3661 -2.8566 0.7923, 2.3661 -2.8406 0.7995, 2.3661 -2.8541 0.7897, 2.3661 -2.8371 0.7941, 2.3661 -2.8521 0.7862, 2.3661 -2.8345 0.7866, 2.3661 -2.8504 0.7803, 2.3622 -2.8676 0.8098, 2.3622 -2.8844 0.8078, 2.3622 -2.8969 0.803, 2.3622 -2.9004 0.8009, 2.3622 -2.9004 0.7847, 2.3622 -2.8899 0.7914, 2.3622 -2.8795 0.7951, 2.3622 -2.8691 0.7962, 2.3622 -2.8635 0.7956, 2.3622 -2.8596 0.7943, 2.3622 -2.8566 0.7923, 2.3622 -2.8541 0.7897, 2.3622 -2.8521 0.7862, 2.3622 -2.8504 0.7803, 2.3622 -2.8498 0.7729, 2.3622 -2.8781 0.7689, 2.3622 -2.8908 0.7658, 2.3622 -2.8979 0.7621, 2.3622 -2.903 0.7577, 2.3622 -2.9063 0.7529, 2.3622 -2.9086 0.747, 2.3622 -2.9097 0.7378, 2.3622 -2.9089 0.7302, 2.3622 -2.9069 0.7246, 2.3622 -2.9034 0.7194, 2.3622 -2.9015 0.7175, 2.3622 -2.8795 0.71, 2.3622 -2.8892 0.7112, 2.3622 -2.8895 0.7112, 2.3622 -2.8959 0.7136, 2.3622 -2.8708 0.711, 2.3622 -2.8704 0.7112, 2.3622 -2.8641 0.7135, 2.3622 -2.8582 0.7173, 2.3622 -2.8529 0.723, 2.3622 -2.8503 0.727, 2.3622 -2.8498 0.727, 2.3622 -2.8498 0.7123, 2.3622 -2.8331 0.7123, 2.3622 -2.8331 0.7736, 2.3622 -2.8345 0.7866, 2.3622 -2.8371 0.7941, 2.3622 -2.8406 0.7995, 2.3622 -2.8451 0.8037, 2.3622 -2.8507 0.8068, 2.3622 -2.8578 0.8089, 2.3622 -2.8883 0.7512, 2.3622 -2.8862 0.7529, 2.3622 -2.8822 0.7548, 2.3622 -2.8721 0.7571, 2.3622 -2.8928 0.7392, 2.3622 -2.8926 0.7418, 2.3622 -2.8918 0.7457, 2.3622 -2.8903 0.7488, 2.3622 -2.8879 0.7281, 2.3622 -2.8893 0.7295, 2.3622 -2.8912 0.7323, 2.3622 -2.8923 0.7353, 2.3622 -2.8751 0.7238, 2.3622 -2.8808 0.7244, 2.3622 -2.8846 0.7258, 2.3622 -2.857 0.7315, 2.3622 -2.8591 0.7295, 2.3622 -2.8638 0.7263, 2.3622 -2.8689 0.7245, 2.3622 -2.8498 0.751, 2.3622 -2.8499 0.7499, 2.3622 -2.8509 0.7424, 2.3622 -2.8534 0.7364, 2.3622 -2.8498 0.7601, 2.3622 -2.8498 0.7601
            ]
        }
        coordIndex [
            0,1,2,-1,2,1,3,-1,4,0,5,-1,5,0,2,-1,6,4,7,-1,7,4,5,-1,8,6,9,-1,9,6,7,-1,10,8,11,-1,11,8,9,-1,12,10,13,-1,13,10,11,-1,14,12,15,-1,15,12,13,-1,16,14,17,-1,17,14,15,-1,18,16,19,-1,19,16,17,-1,20,18,21,-1,21,18,19,-1,22,20,23,-1,23,20,21,-1,1,22,3,-1,3,22,23,-1,22,1,0,-1,0,4,22,-1,22,4,6,-1,22,6,20,-1,16,18,14,-1,14,18,20,-1,14,20,12,-1,12,20,6,-1,12,6,10,-1,10,6,8,-1,24,25,26,-1,27,28,29,-1,29,28,30,-1,31,32,25,-1,25,32,28,-1,25,28,26,-1,26,28,27,-1,33,34,35,-1,26,36,24,-1,24,36,37,-1,24,37,38,-1,38,37,39,-1,38,39,40,-1,40,39,41,-1,40,41,42,-1,42,41,43,-1,42,43,44,-1,44,43,45,-1,44,45,46,-1,46,45,47,-1,46,47,48,-1,48,47,49,-1,48,49,50,-1,50,49,51,-1,50,51,52,-1,52,51,53,-1,35,34,54,-1,54,34,55,-1,54,55,56,-1,33,35,57,-1,57,35,58,-1,57,58,59,-1,59,58,60,-1,59,60,61,-1,61,60,62,-1,61,62,63,-1,63,62,64,-1,63,64,65,-1,65,64,66,-1,65,66,67,-1,67,66,68,-1,67,68,69,-1,69,68,70,-1,69,70,53,-1,53,70,71,-1,53,71,52,-1,72,73,74,-1,74,73,75,-1,74,75,76,-1,76,75,77,-1,76,77,78,-1,78,77,79,-1,78,79,80,-1,80,79,81,-1,80,81,82,-1,82,81,83,-1,82,83,84,-1,84,83,85,-1,84,85,86,-1,86,85,87,-1,86,87,88,-1,88,87,89,-1,88,89,90,-1,90,89,91,-1,90,91,28,-1,28,91,56,-1,28,56,30,-1,30,56,55,-1,78,92,93,-1,78,93,76,-1,76,93,94,-1,76,94,74,-1,74,94,95,-1,74,95,72,-1,73,72,96,-1,96,72,95,-1,73,96,97,-1,73,97,75,-1,75,97,98,-1,75,98,77,-1,77,98,99,-1,77,99,79,-1,79,99,100,-1,79,100,81,-1,81,100,101,-1,81,101,83,-1,83,101,102,-1,83,102,85,-1,85,102,103,-1,85,103,87,-1,87,103,104,-1,87,104,89,-1,89,104,105,-1,89,105,91,-1,91,105,106,-1,91,106,56,-1,54,56,107,-1,107,56,106,-1,54,107,108,-1,54,108,35,-1,35,108,109,-1,35,109,58,-1,58,109,110,-1,58,110,60,-1,60,110,111,-1,60,111,62,-1,62,111,112,-1,62,112,64,-1,64,112,113,-1,64,113,66,-1,66,113,114,-1,66,114,68,-1,68,114,115,-1,68,115,70,-1,70,115,116,-1,70,116,71,-1,71,116,117,-1,71,117,52,-1,118,46,119,-1,119,46,48,-1,119,48,120,-1,120,48,50,-1,120,50,121,-1,121,50,52,-1,121,52,117,-1,46,118,122,-1,46,122,44,-1,44,122,123,-1,44,123,42,-1,123,124,42,-1,42,124,125,-1,42,125,40,-1,40,125,126,-1,40,126,38,-1,38,126,127,-1,38,127,24,-1,25,24,128,-1,128,24,127,-1,31,25,129,-1,129,25,128,-1,32,31,130,-1,130,31,129,-1,28,32,131,-1,131,32,130,-1,28,131,132,-1,28,132,90,-1,90,132,133,-1,90,133,88,-1,88,133,134,-1,88,134,86,-1,86,134,135,-1,86,135,84,-1,84,135,136,-1,84,136,82,-1,82,136,137,-1,82,137,80,-1,80,137,92,-1,80,92,78,-1,57,138,139,-1,57,139,33,-1,33,139,140,-1,33,140,34,-1,34,140,141,-1,34,141,55,-1,65,142,143,-1,65,143,63,-1,63,143,144,-1,63,144,61,-1,61,144,145,-1,61,145,59,-1,59,145,138,-1,59,138,57,-1,51,146,147,-1,51,147,53,-1,53,147,148,-1,53,148,69,-1,69,148,149,-1,69,149,67,-1,67,149,142,-1,67,142,65,-1,45,150,151,-1,45,151,47,-1,47,151,152,-1,47,152,49,-1,49,152,146,-1,49,146,51,-1,37,153,154,-1,37,154,39,-1,39,154,155,-1,39,155,41,-1,41,155,156,-1,41,156,43,-1,43,156,150,-1,43,150,45,-1,29,157,158,-1,29,158,27,-1,27,158,159,-1,27,159,26,-1,26,159,160,-1,26,160,36,-1,36,160,153,-1,36,153,37,-1,29,30,157,-1,157,30,161,-1,30,55,161,-1,161,55,141,-1,
        ]
    }
}
Shape{
    appearance Appearance {
        material  Material 	{
            diffuseColor 0.7529411764705882 0.7529411764705882 0.7529411764705882
            specularColor 0.3764705882352941 0.3764705882352941 0.3764705882352941
            ambientIntensity 0.2
            transparency 0
            shininess 0.5
        }
    }
    geometry IndexedFaceSet {
        ccw TRUE
        solid FALSE
        coord DEF co Coordinate {
            point [
                2.3622 -2.8499 0.7499, 2.3622 -2.8498 0.751, 2.3622 -2.8883 0.7512, 2.3622 -2.8498 0.7601, 2.3622 -2.8721 0.7571, 2.3622 -2.8822 0.7548, 2.3622 -2.8862 0.7529, 2.3622 -2.8509 0.7424, 2.3622 -2.8903 0.7488, 2.3622 -2.8534 0.7364, 2.3622 -2.8893 0.7295, 2.3622 -2.8879 0.7281, 2.3622 -2.8591 0.7295, 2.3622 -2.8912 0.7323, 2.3622 -2.8638 0.7263, 2.3622 -2.8689 0.7245, 2.3622 -2.8751 0.7238, 2.3622 -2.8918 0.7457, 2.3622 -2.8926 0.7418, 2.3622 -2.857 0.7315, 2.3622 -2.8928 0.7392, 2.3622 -2.8923 0.7353, 2.3622 -2.8846 0.7258, 2.3622 -2.8808 0.7244, 2.3622 -2.8808 0.7244
            ]
        }
        coordIndex [
            0,1,2,-1,1,3,4,-1,4,5,1,-1,1,5,6,-1,1,6,2,-1,0,2,7,-1,7,2,8,-1,7,8,9,-1,10,11,12,-1,10,12,13,-1,14,12,15,-1,15,12,16,-1,8,17,9,-1,9,17,18,-1,9,18,19,-1,19,18,20,-1,19,20,12,-1,12,20,21,-1,12,21,13,-1,11,22,12,-1,12,22,23,-1,12,23,16,-1,
        ]
    }
}
Shape{
    appearance Appearance {
        material  Material 	{
            diffuseColor 0.0 0.0 0.0
            specularColor 0.0 0.0 0.0
            ambientIntensity 0.2
            transparency 0
            shininess 0.5
        }
    }
    geometry IndexedFaceSet {
        ccw TRUE
        solid FALSE
        coord DEF co Coordinate {
            point [
                2.3622 -2.8105 0.7329, 2.3661 -2.8105 0.7329, 2.3661 -2.8044 0.7291, 2.3661 -2.783 0.7237, 2.3622 -2.783 0.7237, 2.3622 -2.7939 0.725, 2.3661 -2.7939 0.725, 2.3622 -2.8027 0.7285, 2.3622 -2.8044 0.7291, 2.3661 -2.8105 0.7156, 2.3622 -2.8105 0.7156, 2.3661 -2.7996 0.7117, 2.3622 -2.8027 0.7128, 2.3622 -2.7846 0.71, 2.3661 -2.7846 0.71, 2.3622 -2.7947 0.7112, 2.3622 -2.7996 0.7117, 2.3661 -2.7713 0.7114, 2.3622 -2.7736 0.7112, 2.3622 -2.7713 0.7114, 2.3622 -2.7621 0.7146, 2.3661 -2.7621 0.7146, 2.3622 -2.7568 0.7176, 2.3661 -2.7568 0.7176, 2.3622 -2.7521 0.7218, 2.3661 -2.7521 0.7218, 2.3622 -2.7489 0.7262, 2.3661 -2.7489 0.7262, 2.3622 -2.7469 0.7315, 2.3661 -2.7469 0.7315, 2.3622 -2.7461 0.7382, 2.3661 -2.7461 0.7382, 2.3622 -2.7468 0.7444, 2.3661 -2.7468 0.7444, 2.3622 -2.7486 0.7494, 2.3661 -2.7486 0.7494, 2.3622 -2.7517 0.754, 2.3661 -2.7517 0.754, 2.3622 -2.7557 0.7575, 2.3661 -2.7557 0.7575, 2.3622 -2.7668 0.7637, 2.3661 -2.7668 0.7637, 2.3622 -2.7733 0.7663, 2.3661 -2.7733 0.7663, 2.3622 -2.7836 0.7708, 2.3661 -2.7836 0.7708, 2.3622 -2.7895 0.7745, 2.3661 -2.7895 0.7745, 2.3622 -2.7911 0.7763, 2.3661 -2.7911 0.7763, 2.3622 -2.7923 0.7786, 2.3661 -2.7923 0.7786, 2.3622 -2.793 0.7812, 2.3661 -2.793 0.7812, 2.3622 -2.7931 0.7834, 2.3661 -2.7931 0.7834, 2.3622 -2.7928 0.786, 2.3661 -2.7928 0.786, 2.3622 -2.792 0.7883, 2.3661 -2.792 0.7883, 2.3622 -2.7906 0.7904, 2.3661 -2.7906 0.7904, 2.3622 -2.7881 0.7927, 2.3661 -2.7881 0.7927, 2.3622 -2.7843 0.7947, 2.3661 -2.7843 0.7947, 2.3622 -2.7798 0.7958, 2.3661 -2.7798 0.7958, 2.3622 -2.7749 0.7962, 2.3661 -2.7749 0.7962, 2.3622 -2.7635 0.7949, 2.3661 -2.7635 0.7949, 2.3622 -2.7541 0.7913, 2.3661 -2.7541 0.7913, 2.3622 -2.7507 0.7893, 2.3661 -2.7507 0.7893, 2.3661 -2.7507 0.8056, 2.3622 -2.7507 0.8056, 2.3622 -2.7622 0.8089, 2.3661 -2.7622 0.8089, 2.3622 -2.7733 0.8098, 2.3661 -2.7733 0.8098, 2.3622 -2.7856 0.8084, 2.3661 -2.7856 0.8084, 2.3622 -2.7948 0.8051, 2.3661 -2.7948 0.8051, 2.3622 -2.7997 0.8022, 2.3661 -2.7997 0.8022, 2.3661 -2.8046 0.7978, 2.3622 -2.8027 0.7994, 2.3622 -2.8046 0.7978, 2.3622 -2.8077 0.7932, 2.3661 -2.8077 0.7932, 2.3622 -2.8097 0.7879, 2.3661 -2.8097 0.7879, 2.3622 -2.8104 0.7819, 2.3661 -2.8104 0.7819, 2.3622 -2.8096 0.7754, 2.3661 -2.8096 0.7754, 2.3622 -2.8078 0.7703, 2.3661 -2.8078 0.7703, 2.3622 -2.8056 0.7668, 2.3661 -2.8056 0.7668, 2.3622 -2.7851 0.7542, 2.3661 -2.7851 0.7542, 2.3661 -2.795 0.7587, 2.3622 -2.8029 0.7639, 2.3661 -2.8029 0.7639, 2.3622 -2.8027 0.7638, 2.3622 -2.795 0.7587, 2.3622 -2.7741 0.7496, 2.3661 -2.7741 0.7496, 2.3622 -2.7676 0.7457, 2.3661 -2.7676 0.7457, 2.3622 -2.7655 0.7435, 2.3661 -2.7655 0.7435, 2.3622 -2.7642 0.7413, 2.3661 -2.7642 0.7413, 2.3622 -2.7634 0.7387, 2.3661 -2.7634 0.7387, 2.3622 -2.7633 0.7366, 2.3661 -2.7633 0.7366, 2.3622 -2.7636 0.7334, 2.3661 -2.7636 0.7334, 2.3622 -2.7645 0.731, 2.3661 -2.7645 0.731, 2.3622 -2.7659 0.7289, 2.3661 -2.7659 0.7289, 2.3622 -2.7678 0.7272, 2.3661 -2.7678 0.7272, 2.3622 -2.7694 0.7262, 2.3661 -2.7694 0.7262, 2.3622 -2.7737 0.7247, 2.3661 -2.7737 0.7247, 2.3622 -2.7822 0.7237, 2.3661 -2.7822 0.7237, 2.3661 -2.6632 0.8076, 2.3661 -2.6459 0.8076, 2.3622 -2.6632 0.8076, 2.3622 -2.6459 0.8076, 2.3661 -2.6893 0.7358, 2.3622 -2.6893 0.7358, 2.3622 -2.6905 0.7314, 2.3661 -2.6905 0.7314, 2.3622 -2.6913 0.7281, 2.3661 -2.6913 0.7281, 2.3661 -2.6918 0.7281, 2.3622 -2.6918 0.7281, 2.3661 -2.6938 0.736, 2.3622 -2.6938 0.736, 2.3622 -2.7187 0.8076, 2.3661 -2.7187 0.8076, 2.3622 -2.7106 0.7844, 2.3661 -2.7374 0.8076, 2.3622 -2.7374 0.8076, 2.3622 -2.7 0.7125, 2.3661 -2.7 0.7125, 2.3622 -2.7106 0.7395, 2.3622 -2.7073 0.6952, 2.3661 -2.7073 0.6952, 2.3622 -2.7006 0.7112, 2.3622 -2.7106 0.6892, 2.3661 -2.7106 0.6892, 2.3622 -2.7106 0.6891, 2.3661 -2.7137 0.6857, 2.3622 -2.7137 0.6857, 2.3622 -2.7168 0.6836, 2.3661 -2.7168 0.6836, 2.3622 -2.7204 0.6822, 2.3661 -2.7204 0.6822, 2.3622 -2.7245 0.6817, 2.3661 -2.7245 0.6817, 2.3622 -2.7305 0.6825, 2.3661 -2.7305 0.6825, 2.3622 -2.734 0.6836, 2.3661 -2.734 0.6836, 2.3661 -2.734 0.6688, 2.3622 -2.734 0.6688, 2.3622 -2.7269 0.6675, 2.3661 -2.7269 0.6675, 2.3622 -2.7232 0.6674, 2.3661 -2.7232 0.6674, 2.3622 -2.7164 0.6682, 2.3661 -2.7164 0.6682, 2.3622 -2.7106 0.6704, 2.3661 -2.7098 0.6707, 2.3622 -2.7098 0.6707, 2.3622 -2.704 0.6748, 2.3661 -2.704 0.6748, 2.3622 -2.7028 0.6758, 2.3661 -2.7028 0.6758, 2.3622 -2.6967 0.6832, 2.3661 -2.6967 0.6832, 2.3622 -2.6892 0.6979, 2.3661 -2.6892 0.6979, 2.3622 -2.6839 0.7112, 2.3661 -2.5561 0.7275, 2.3661 -2.5561 0.7123, 2.3622 -2.5561 0.7275, 2.3622 -2.5561 0.7123, 2.3622 -2.6107 0.7275, 2.3661 -2.6107 0.7275, 2.3622 -2.5857 0.7275, 2.3661 -2.6107 0.7724, 2.3622 -2.6107 0.7724, 2.3622 -2.5629 0.7724, 2.3661 -2.5629 0.7724, 2.3622 -2.5857 0.7724, 2.3661 -2.5629 0.7877, 2.3622 -2.5629 0.7877, 2.3622 -2.6107 0.7877, 2.3661 -2.6107 0.7877, 2.3622 -2.5857 0.7877, 2.3661 -2.6107 0.8304, 2.3622 -2.6107 0.8304, 2.3622 -2.5592 0.8304, 2.3661 -2.5592 0.8304, 2.3622 -2.5857 0.8304, 2.3661 -2.5592 0.8457, 2.3622 -2.5592 0.8457, 2.3622 -2.6279 0.8457, 2.3661 -2.6279 0.8457, 2.3622 -2.5857 0.8457, 2.3661 -2.6279 0.7123, 2.3622 -2.6279 0.7123, 2.3622 -2.5857 0.7123, 2.3661 -2.448 0.7497, 2.3661 -2.4546 0.7414, 2.3661 -2.4424 0.731, 2.3661 -2.4563 0.7399, 2.3661 -2.4564 0.7209, 2.3661 -2.4649 0.7339, 2.3661 -2.4717 0.715, 2.3661 -2.476 0.7297, 2.3661 -2.4942 0.7123, 2.3661 -2.4943 0.7275, 2.3661 -2.5309 0.7123, 2.3661 -2.5137 0.7275, 2.3661 -2.5309 0.8457, 2.3661 -2.5137 0.8304, 2.3661 -2.4928 0.8457, 2.3661 -2.4935 0.8304, 2.3661 -2.4725 0.8435, 2.3661 -2.4758 0.8284, 2.3661 -2.4564 0.8376, 2.3661 -2.4643 0.8241, 2.3661 -2.4424 0.8281, 2.3661 -2.455 0.8178, 2.3661 -2.4376 0.8234, 2.3661 -2.4512 0.8141, 2.3661 -2.4294 0.8117, 2.3661 -2.4461 0.8066, 2.3661 -2.4245 0.799, 2.3661 -2.4423 0.7968, 2.3661 -2.4223 0.7807, 2.3661 -2.4404 0.7802, 2.3661 -2.423 0.7696, 2.3661 -2.4408 0.7719, 2.3661 -2.4267 0.7544, 2.3661 -2.4434 0.7597, 2.3661 -2.4338 0.7409, 2.3622 -2.4942 0.7123, 2.3622 -2.5309 0.7123, 2.3622 -2.4717 0.715, 2.3622 -2.4564 0.7209, 2.3622 -2.4424 0.731, 2.3622 -2.4338 0.7409, 2.3622 -2.4267 0.7544, 2.3622 -2.423 0.7696, 2.3622 -2.4223 0.7807, 2.3622 -2.4245 0.799, 2.3622 -2.4294 0.8117, 2.3622 -2.4376 0.8234, 2.3622 -2.4424 0.8281, 2.3622 -2.4564 0.8376, 2.3622 -2.4725 0.8435, 2.3622 -2.4928 0.8457, 2.3622 -2.5309 0.8457, 2.3622 -2.4935 0.8304, 2.3622 -2.5137 0.8304, 2.3622 -2.5137 0.7275, 2.3622 -2.4943 0.7275, 2.3622 -2.4546 0.7414, 2.3622 -2.4563 0.7399, 2.3622 -2.4649 0.7339, 2.3622 -2.476 0.7297, 2.3622 -2.4404 0.7802, 2.3622 -2.4408 0.7719, 2.3622 -2.4434 0.7597, 2.3622 -2.448 0.7497, 2.3622 -2.455 0.8178, 2.3622 -2.4512 0.8141, 2.3622 -2.4461 0.8066, 2.3622 -2.4423 0.7968, 2.3622 -2.4758 0.8284, 2.3622 -2.4643 0.8241, 2.3622 -2.4643 0.8241
            ]
        }
        coordIndex [
            0,1,2,-1,3,4,5,-1,3,5,6,-1,6,5,7,-1,6,7,2,-1,2,7,8,-1,2,8,0,-1,9,1,10,-1,10,1,0,-1,9,10,11,-1,11,10,12,-1,13,14,15,-1,15,14,11,-1,15,11,16,-1,16,11,12,-1,14,13,17,-1,17,13,18,-1,18,19,17,-1,17,19,20,-1,17,20,21,-1,21,20,22,-1,21,22,23,-1,23,22,24,-1,23,24,25,-1,25,24,26,-1,25,26,27,-1,27,26,28,-1,27,28,29,-1,29,28,30,-1,29,30,31,-1,31,30,32,-1,31,32,33,-1,33,32,34,-1,33,34,35,-1,35,34,36,-1,35,36,37,-1,37,36,38,-1,37,38,39,-1,39,38,40,-1,39,40,41,-1,41,40,42,-1,41,42,43,-1,43,42,44,-1,43,44,45,-1,45,44,46,-1,45,46,47,-1,47,46,48,-1,47,48,49,-1,49,48,50,-1,49,50,51,-1,51,50,52,-1,51,52,53,-1,53,52,54,-1,53,54,55,-1,55,54,56,-1,55,56,57,-1,57,56,58,-1,57,58,59,-1,59,58,60,-1,59,60,61,-1,61,60,62,-1,61,62,63,-1,63,62,64,-1,63,64,65,-1,65,64,66,-1,65,66,67,-1,67,66,68,-1,67,68,69,-1,69,68,70,-1,69,70,71,-1,71,70,72,-1,71,72,73,-1,73,72,74,-1,73,74,75,-1,76,75,77,-1,77,75,74,-1,76,77,78,-1,76,78,79,-1,79,78,80,-1,79,80,81,-1,81,80,82,-1,81,82,83,-1,83,82,84,-1,83,84,85,-1,85,84,86,-1,85,86,87,-1,87,86,88,-1,88,86,89,-1,89,90,88,-1,88,90,91,-1,88,91,92,-1,92,91,93,-1,92,93,94,-1,94,93,95,-1,94,95,96,-1,96,95,97,-1,96,97,98,-1,98,97,99,-1,98,99,100,-1,100,99,101,-1,100,101,102,-1,103,104,105,-1,102,101,106,-1,102,106,107,-1,107,106,108,-1,107,108,105,-1,105,108,109,-1,105,109,103,-1,104,103,110,-1,104,110,111,-1,111,110,112,-1,111,112,113,-1,113,112,114,-1,113,114,115,-1,115,114,116,-1,115,116,117,-1,117,116,118,-1,117,118,119,-1,119,118,120,-1,119,120,121,-1,121,120,122,-1,121,122,123,-1,123,122,124,-1,123,124,125,-1,125,124,126,-1,125,126,127,-1,127,126,128,-1,127,128,129,-1,129,128,130,-1,129,130,131,-1,131,130,132,-1,131,132,133,-1,133,132,134,-1,133,134,135,-1,135,134,4,-1,135,4,3,-1,61,63,85,-1,85,63,83,-1,111,43,104,-1,104,43,45,-1,21,23,127,-1,127,23,25,-1,127,25,125,-1,125,25,27,-1,125,27,123,-1,123,27,29,-1,123,29,121,-1,121,29,31,-1,121,31,119,-1,119,31,33,-1,119,33,117,-1,117,33,35,-1,117,35,115,-1,115,35,37,-1,115,37,113,-1,113,37,39,-1,113,39,111,-1,111,39,41,-1,111,41,43,-1,14,3,11,-1,11,3,6,-1,11,6,9,-1,9,6,2,-1,9,2,1,-1,63,65,83,-1,83,65,67,-1,83,67,81,-1,81,67,69,-1,81,69,79,-1,79,69,71,-1,79,71,76,-1,76,71,73,-1,76,73,75,-1,127,129,21,-1,21,129,131,-1,21,131,17,-1,17,131,133,-1,17,133,14,-1,14,133,135,-1,14,135,3,-1,85,87,61,-1,61,87,88,-1,61,88,59,-1,59,88,92,-1,59,92,57,-1,57,92,94,-1,57,94,55,-1,55,94,96,-1,55,96,53,-1,53,96,98,-1,53,98,51,-1,51,98,100,-1,51,100,49,-1,49,100,102,-1,49,102,47,-1,47,102,107,-1,47,107,45,-1,45,107,105,-1,45,105,104,-1,136,137,138,-1,138,137,139,-1,140,136,141,-1,141,136,138,-1,140,141,142,-1,140,142,143,-1,143,142,144,-1,143,144,145,-1,146,145,147,-1,147,145,144,-1,148,146,149,-1,149,146,147,-1,150,151,152,-1,152,151,148,-1,152,148,149,-1,153,151,154,-1,154,151,150,-1,155,156,157,-1,157,156,153,-1,157,153,154,-1,158,159,160,-1,160,159,156,-1,160,156,155,-1,159,158,161,-1,159,161,162,-1,162,161,163,-1,162,163,164,-1,163,165,164,-1,164,165,166,-1,164,166,167,-1,167,166,168,-1,167,168,169,-1,169,168,170,-1,169,170,171,-1,171,170,172,-1,171,172,173,-1,173,172,174,-1,173,174,175,-1,176,175,177,-1,177,175,174,-1,176,177,178,-1,176,178,179,-1,179,178,180,-1,179,180,181,-1,181,180,182,-1,181,182,183,-1,183,182,184,-1,183,184,185,-1,184,186,185,-1,185,186,187,-1,185,187,188,-1,188,187,189,-1,188,189,190,-1,190,189,191,-1,190,191,192,-1,192,191,193,-1,192,193,194,-1,139,137,195,-1,195,137,194,-1,195,194,193,-1,143,145,194,-1,137,136,194,-1,194,136,140,-1,194,140,143,-1,151,153,148,-1,148,153,156,-1,148,156,146,-1,175,176,173,-1,173,176,179,-1,173,179,171,-1,171,179,181,-1,171,181,169,-1,169,181,183,-1,169,183,167,-1,167,183,185,-1,167,185,164,-1,192,162,190,-1,190,162,164,-1,190,164,188,-1,188,164,185,-1,145,146,194,-1,194,146,156,-1,194,156,192,-1,192,156,159,-1,192,159,162,-1,196,197,198,-1,198,197,199,-1,200,201,202,-1,202,201,196,-1,202,196,198,-1,203,201,204,-1,204,201,200,-1,205,206,207,-1,207,206,203,-1,207,203,204,-1,208,206,209,-1,209,206,205,-1,210,211,212,-1,212,211,208,-1,212,208,209,-1,213,211,214,-1,214,211,210,-1,215,216,217,-1,217,216,213,-1,217,213,214,-1,218,216,219,-1,219,216,215,-1,220,221,222,-1,222,221,218,-1,222,218,219,-1,223,221,224,-1,224,221,220,-1,199,197,225,-1,225,197,223,-1,225,223,224,-1,216,218,213,-1,213,218,221,-1,213,221,211,-1,197,196,223,-1,223,196,201,-1,223,201,203,-1,206,208,203,-1,203,208,211,-1,203,211,223,-1,223,211,221,-1,226,227,228,-1,228,227,229,-1,228,229,230,-1,230,229,231,-1,230,231,232,-1,232,231,233,-1,232,233,234,-1,234,233,235,-1,234,235,236,-1,236,235,237,-1,236,237,238,-1,238,237,239,-1,238,239,240,-1,240,239,241,-1,240,241,242,-1,242,241,243,-1,242,243,244,-1,244,243,245,-1,244,245,246,-1,246,245,247,-1,246,247,248,-1,248,247,249,-1,248,249,250,-1,250,249,251,-1,250,251,252,-1,252,251,253,-1,252,253,254,-1,254,253,255,-1,254,255,256,-1,256,255,257,-1,256,257,258,-1,258,257,259,-1,258,259,260,-1,260,259,226,-1,260,226,228,-1,234,236,261,-1,261,236,262,-1,234,261,263,-1,234,263,232,-1,232,263,264,-1,232,264,230,-1,230,264,265,-1,230,265,228,-1,228,265,266,-1,228,266,260,-1,260,266,267,-1,260,267,258,-1,258,267,268,-1,258,268,256,-1,256,268,269,-1,256,269,254,-1,254,269,270,-1,254,270,252,-1,252,270,271,-1,252,271,250,-1,250,271,272,-1,250,272,248,-1,248,272,273,-1,248,273,246,-1,246,273,274,-1,246,274,244,-1,244,274,275,-1,244,275,242,-1,242,275,276,-1,242,276,240,-1,238,240,277,-1,277,240,276,-1,236,238,262,-1,262,238,277,-1,241,239,278,-1,278,239,279,-1,239,237,279,-1,279,237,280,-1,237,235,280,-1,280,235,281,-1,227,282,283,-1,227,283,229,-1,229,283,284,-1,229,284,231,-1,231,284,285,-1,231,285,233,-1,233,285,281,-1,233,281,235,-1,255,286,287,-1,255,287,257,-1,257,287,288,-1,257,288,259,-1,259,288,289,-1,259,289,226,-1,226,289,282,-1,226,282,227,-1,247,290,291,-1,247,291,249,-1,249,291,292,-1,249,292,251,-1,251,292,293,-1,251,293,253,-1,253,293,286,-1,253,286,255,-1,241,278,294,-1,241,294,243,-1,243,294,295,-1,243,295,245,-1,245,295,290,-1,245,290,247,-1,
        ]
    }
}
Shape{
    appearance Appearance {
        material  Material 	{
            diffuseColor 0.7529411764705882 0.7529411764705882 0.7529411764705882
            specularColor 0.3764705882352941 0.3764705882352941 0.3764705882352941
            ambientIntensity 0.2
            transparency 0
            shininess 0.5
        }
    }
    geometry IndexedFaceSet {
        ccw TRUE
        solid FALSE
        coord DEF co Coordinate {
            point [
                2.3622 -2.5137 0.8304, 2.3622 -2.5137 0.7275, 2.3622 -2.4935 0.8304, 2.3622 -2.4943 0.7275, 2.3622 -2.476 0.7297, 2.3622 -2.4649 0.7339, 2.3622 -2.4563 0.7399, 2.3622 -2.4546 0.7414, 2.3622 -2.448 0.7497, 2.3622 -2.4434 0.7597, 2.3622 -2.4404 0.7802, 2.3622 -2.455 0.8178, 2.3622 -2.4643 0.8241, 2.3622 -2.4423 0.7968, 2.3622 -2.4461 0.8066, 2.3622 -2.4512 0.8141, 2.3622 -2.4408 0.7719, 2.3622 -2.4758 0.8284, 2.3622 -2.4758 0.8284
            ]
        }
        coordIndex [
            0,1,2,-1,2,1,3,-1,3,4,2,-1,2,4,5,-1,2,5,6,-1,6,7,2,-1,2,7,8,-1,2,8,9,-1,10,11,12,-1,13,14,10,-1,10,14,15,-1,10,15,11,-1,9,16,2,-1,2,16,10,-1,2,10,17,-1,17,10,12,-1,
        ]
    }
}
Shape{
    appearance Appearance {
        material  Material 	{
            diffuseColor 0.0 0.0 0.0
            specularColor 0.0 0.0 0.0
            ambientIntensity 0.2
            transparency 0
            shininess 0.5
        }
    }
    geometry IndexedFaceSet {
        ccw TRUE
        solid FALSE
        coord DEF co Coordinate {
            point [
                2.3661 -2.3775 0.7639, 2.3661 -2.383 0.7488, 2.3661 -2.3328 0.7639, 2.3661 -2.3274 0.7488, 2.3661 -2.3576 0.8193, 2.3661 -2.364 0.8457, 2.3661 -2.4149 0.7123, 2.3661 -2.3958 0.7123, 2.3661 -2.3564 0.8233, 2.3661 -2.3554 0.8287, 2.3661 -2.3456 0.8457, 2.3661 -2.355 0.8287, 2.3661 -2.3539 0.823, 2.3661 -2.3529 0.8193, 2.3661 -2.2948 0.7123, 2.3661 -2.3138 0.7123, 2.3622 -2.3456 0.8457, 2.3622 -2.2948 0.7123, 2.3622 -2.364 0.8457, 2.3622 -2.4149 0.7123, 2.3622 -2.3958 0.7123, 2.3622 -2.383 0.7488, 2.3622 -2.3274 0.7488, 2.3622 -2.3138 0.7123, 2.3622 -2.3775 0.7639, 2.3622 -2.3328 0.7639, 2.3622 -2.3529 0.8193, 2.3622 -2.355 0.8287, 2.3622 -2.3539 0.823, 2.3622 -2.3554 0.8287, 2.3622 -2.3576 0.8193, 2.3622 -2.3564 0.8233, 2.3622 -2.3564 0.8233
            ]
        }
        coordIndex [
            0,1,2,-1,2,1,3,-1,4,5,0,-1,0,5,6,-1,0,6,1,-1,1,6,7,-1,4,8,5,-1,5,8,9,-1,5,9,10,-1,10,9,11,-1,10,11,12,-1,12,13,10,-1,10,13,2,-1,10,2,14,-1,14,2,3,-1,14,3,15,-1,10,14,16,-1,16,14,17,-1,5,10,18,-1,18,10,16,-1,6,5,19,-1,19,5,18,-1,7,6,20,-1,20,6,19,-1,1,7,21,-1,21,7,20,-1,3,1,22,-1,22,1,21,-1,15,3,23,-1,23,3,22,-1,14,15,17,-1,17,15,23,-1,0,2,24,-1,24,2,25,-1,2,13,25,-1,25,13,26,-1,11,27,28,-1,11,28,12,-1,12,28,26,-1,12,26,13,-1,11,9,27,-1,27,9,29,-1,4,30,31,-1,4,31,8,-1,8,31,29,-1,8,29,9,-1,4,0,30,-1,30,0,24,-1,
        ]
    }
}
Shape{
    appearance Appearance {
        material  Material 	{
            diffuseColor 0.7529411764705882 0.7529411764705882 0.7529411764705882
            specularColor 0.3764705882352941 0.3764705882352941 0.3764705882352941
            ambientIntensity 0.2
            transparency 0
            shininess 0.5
        }
    }
    geometry IndexedFaceSet {
        ccw TRUE
        solid FALSE
        coord DEF co Coordinate {
            point [
                2.3622 -2.355 0.8287, 2.3622 -2.3554 0.8287, 2.3622 -2.3539 0.823, 2.3622 -2.3564 0.8233, 2.3622 -2.3529 0.8193, 2.3622 -2.3576 0.8193, 2.3622 -2.3328 0.7639, 2.3622 -2.3775 0.7639, 2.3622 -2.3775 0.7639
            ]
        }
        coordIndex [
            0,1,2,-1,2,1,3,-1,2,3,4,-1,4,3,5,-1,4,5,6,-1,6,5,7,-1,
        ]
    }
}
Shape{
    appearance Appearance {
        material  Material 	{
            diffuseColor 0.0 0.0 0.0
            specularColor 0.0 0.0 0.0
            ambientIntensity 0.2
            transparency 0
            shininess 0.5
        }
    }
    geometry IndexedFaceSet {
        ccw TRUE
        solid FALSE
        coord DEF co Coordinate {
            point [
                2.3661 -3.5868 0.6933, 2.3661 -3.5727 0.6759, 2.3661 -3.5954 0.7773, 2.3661 -3.6119 0.9421, 2.3661 -3.5908 0.9534, 2.3661 -3.5958 1.0118, 2.3661 -3.5366 1.0145, 2.3661 -3.5072 0.9452, 2.3661 -3.4927 0.9753, 2.3661 -3.6161 0.79, 2.3661 -3.6084 0.7173, 2.3661 -3.5964 0.7137, 2.3661 -3.5584 1.0164, 2.3661 -3.4993 0.7793, 2.3661 -3.4905 0.7761, 2.3661 -3.4113 0.7536, 2.3661 -3.4828 0.771, 2.3661 -3.4767 0.7642, 2.3661 -3.2785 0.8238, 2.3661 -3.3079 0.8741, 2.3661 -3.4351 0.8077, 2.3661 -3.5072 0.7801, 2.3661 -3.5164 0.779, 2.3661 -3.5289 0.8371, 2.3661 -3.5247 0.7757, 2.3661 -3.5499 0.8291, 2.3661 -3.5322 0.7704, 2.3661 -3.5692 0.8156, 2.3661 -3.5359 0.7664, 2.3661 -3.5849 0.7977, 2.3661 -3.5408 0.7586, 2.3661 -3.5436 0.7497, 2.3661 -3.5441 0.7404, 2.3661 -3.4718 0.8336, 2.3661 -3.4947 0.8392, 2.3661 -3.5062 0.8399, 2.3661 -3.4726 0.7564, 2.3661 -3.4704 0.7476, 2.3661 -3.4113 0.7441, 2.3661 -3.4704 0.7389, 2.3661 -3.4119 0.7342, 2.3661 -3.2472 0.9177, 2.3661 -3.2396 0.9177, 2.3661 -3.2007 0.969, 2.3661 -3.2215 0.9155, 2.3661 -3.1961 0.9674, 2.3661 -3.205 0.9091, 2.3661 -3.1678 0.9534, 2.3661 -3.1421 0.9316, 2.3661 -3.5171 1.0372, 2.3661 -3.4714 1.0007, 2.3661 -3.4948 1.0562, 2.3661 -3.446 1.0193, 2.3661 -3.4704 1.0713, 2.3661 -3.5674 0.9589, 2.3661 -3.5575 0.9595, 2.3661 -3.5475 1.0158, 2.3661 -3.5351 0.9567, 2.3661 -3.5139 0.9489, 2.3661 -3.4517 0.8228, 2.3661 -3.1419 0.7545, 2.3661 -3.1861 0.7922, 2.3661 -3.1677 0.7327, 2.3661 -3.2001 0.7807, 2.3661 -3.1966 0.7185, 2.3661 -3.2168 0.773, 2.3661 -3.2282 0.7118, 2.3661 -3.2339 0.7697, 2.3661 -3.2842 0.7118, 2.3661 -3.2766 0.7697, 2.3661 -3.2895 0.7127, 2.3661 -3.5423 0.7315, 2.3661 -3.5386 0.7235, 2.3661 -3.1903 0.8988, 2.3661 -3.1794 0.8867, 2.3661 -3.1227 0.9046, 2.3661 -3.1705 0.8703, 2.3661 -3.1111 0.8757, 2.3661 -3.1661 0.8521, 2.3661 -3.1068 0.8447, 2.3661 -3.1656 0.8437, 2.3661 -3.1111 0.8108, 2.3661 -3.1679 0.8252, 2.3661 -3.123 0.7808, 2.3661 -3.1744 0.8083, 2.3661 -3.1849 0.7935, 2.3661 -3.2519 1.0439, 2.3661 -3.2891 1.0003, 2.3661 -3.2204 1.0074, 2.3661 -3.2677 0.9748, 2.3661 -3.253 0.9442, 2.3661 -3.6495 0.8876, 2.3661 -3.7118 0.8718, 2.3661 -3.6523 0.8646, 2.3661 -3.7121 0.8627, 2.3661 -3.6512 0.8499, 2.3661 -3.7075 0.8255, 2.3661 -3.6444 0.8267, 2.3661 -3.6939 0.7902, 2.3661 -3.6331 0.8075, 2.3661 -3.6723 0.7593, 2.3661 -3.6426 0.734, 2.3661 -3.4174 0.7107, 2.3661 -3.4727 0.7298, 2.3661 -3.4287 0.6896, 2.3661 -3.4771 0.7216, 2.3661 -3.4432 0.6733, 2.3661 -3.4822 0.7158, 2.3661 -3.4621 0.6602, 2.3661 -3.4894 0.7106, 2.3661 -3.4832 0.652, 2.3661 -3.4977 0.7074, 2.3661 -3.5062 0.6492, 2.3661 -3.5072 0.7061, 2.3661 -3.5098 0.6493, 2.3661 -3.5088 0.7062, 2.3661 -3.5322 0.6528, 2.3661 -3.5173 0.7076, 2.3661 -3.5541 0.662, 2.3661 -3.5259 0.7112, 2.3661 -3.5331 0.7168, 2.3661 -3.4265 1.0878, 2.3661 -3.415 1.0318, 2.3661 -3.381 1.0933, 2.3661 -3.38 1.0363, 2.3661 -3.3389 1.0885, 2.3661 -3.3478 1.0324, 2.3661 -3.2916 1.071, 2.3661 -3.3181 1.021, 2.3661 -3.2914 1.0025, 2.3661 -3.6309 0.9981, 2.3661 -3.6611 0.9769, 2.3661 -3.6282 0.9276, 2.3661 -3.6675 0.9709, 2.3661 -3.6414 0.9087, 2.3661 -3.6903 0.9416, 2.3661 -3.7055 0.9074, 2.3661 -3.2814 0.7706, 2.3661 -3.3042 0.7218, 2.3661 -3.302 0.7195, 2.3661 -3.2785 0.77, 2.3661 -3.2958 0.7152, 2.3661 -3.3117 0.7412, 2.3661 -3.3108 0.7342, 2.3661 -3.3083 0.7277, 2.3661 -3.2897 0.7697, 2.3661 -3.2962 0.7671, 2.3661 -3.3115 0.745, 2.3661 -3.302 0.763, 2.3661 -3.3059 0.7587, 2.3661 -3.3096 0.7522, 2.3661 -3.2823 0.7707, 2.3622 -3.1358 0.9229, 2.3622 -3.1227 0.9046, 2.3622 -3.1144 0.8837, 2.3622 -3.1111 0.8757, 2.3622 -3.1068 0.8447, 2.3622 -3.1421 0.9316, 2.3622 -3.1678 0.9534, 2.3622 -3.1961 0.9674, 2.3622 -3.2007 0.969, 2.3622 -3.2204 1.0074, 2.3622 -3.2519 1.0439, 2.3622 -3.2734 1.0586, 2.3622 -3.2916 1.071, 2.3622 -3.3389 1.0885, 2.3622 -3.381 1.0933, 2.3622 -3.4265 1.0878, 2.3622 -3.4704 1.0713, 2.3622 -3.4911 1.0586, 2.3622 -3.4948 1.0562, 2.3622 -3.5171 1.0372, 2.3622 -3.5366 1.0145, 2.3622 -3.5475 1.0158, 2.3622 -3.5584 1.0164, 2.3622 -3.5958 1.0118, 2.3622 -3.6309 0.9981, 2.3622 -3.6611 0.9769, 2.3622 -3.6675 0.9709, 2.3622 -3.7121 0.8627, 2.3622 -3.6903 0.9416, 2.3622 -3.6986 0.9229, 2.3622 -3.7055 0.9074, 2.3622 -3.7097 0.8837, 2.3622 -3.7118 0.8718, 2.3622 -3.7075 0.8255, 2.3622 -3.6939 0.7902, 2.3622 -3.6723 0.7593, 2.3622 -3.6426 0.734, 2.3622 -3.6084 0.7173, 2.3622 -3.5964 0.7137, 2.3622 -3.5952 0.7112, 2.3622 -3.5868 0.6933, 2.3622 -3.5727 0.6759, 2.3622 -3.5541 0.662, 2.3622 -3.5455 0.6583, 2.3622 -3.5322 0.6528, 2.3622 -3.5098 0.6493, 2.3622 -3.5062 0.6492, 2.3622 -3.4113 0.7441, 2.3622 -3.4832 0.652, 2.3622 -3.4669 0.6583, 2.3622 -3.4621 0.6602, 2.3622 -3.4432 0.6733, 2.3622 -3.4287 0.6896, 2.3622 -3.4174 0.7107, 2.3622 -3.4173 0.7112, 2.3622 -3.4119 0.7342, 2.3622 -3.4113 0.7536, 2.3622 -3.2785 0.8238, 2.3622 -3.3079 0.8741, 2.3622 -3.4351 0.8077, 2.3622 -3.4517 0.8228, 2.3622 -3.4718 0.8336, 2.3622 -3.4947 0.8392, 2.3622 -3.5062 0.8399, 2.3622 -3.5289 0.8371, 2.3622 -3.5499 0.8291, 2.3622 -3.5692 0.8156, 2.3622 -3.5849 0.7977, 2.3622 -3.5954 0.7773, 2.3622 -3.6161 0.79, 2.3622 -3.6331 0.8075, 2.3622 -3.6444 0.8267, 2.3622 -3.6512 0.8499, 2.3622 -3.6523 0.8646, 2.3622 -3.65 0.8837, 2.3622 -3.6495 0.8876, 2.3622 -3.6414 0.9087, 2.3622 -3.6315 0.9229, 2.3622 -3.6282 0.9276, 2.3622 -3.6119 0.9421, 2.3622 -3.5908 0.9534, 2.3622 -3.5674 0.9589, 2.3622 -3.5575 0.9595, 2.3622 -3.5351 0.9567, 2.3622 -3.5139 0.9489, 2.3622 -3.5072 0.9452, 2.3622 -3.4927 0.9753, 2.3622 -3.4714 1.0007, 2.3622 -3.446 1.0193, 2.3622 -3.415 1.0318, 2.3622 -3.38 1.0363, 2.3622 -3.3478 1.0324, 2.3622 -3.3181 1.021, 2.3622 -3.2914 1.0025, 2.3622 -3.2891 1.0003, 2.3622 -3.2677 0.9748, 2.3622 -3.253 0.9442, 2.3622 -3.2483 0.9229, 2.3622 -3.2472 0.9177, 2.3622 -3.2396 0.9177, 2.3622 -3.2215 0.9155, 2.3622 -3.205 0.9091, 2.3622 -3.1903 0.8988, 2.3622 -3.1794 0.8867, 2.3622 -3.1778 0.8837, 2.3622 -3.1705 0.8703, 2.3622 -3.1661 0.8521, 2.3622 -3.1656 0.8437, 2.3622 -3.1679 0.8252, 2.3622 -3.1744 0.8083, 2.3622 -3.1849 0.7935, 2.3622 -3.1861 0.7922, 2.3622 -3.2001 0.7807, 2.3622 -3.2168 0.773, 2.3622 -3.2339 0.7697, 2.3622 -3.2766 0.7697, 2.3622 -3.2785 0.77, 2.3622 -3.2814 0.7706, 2.3622 -3.2823 0.7707, 2.3622 -3.2897 0.7697, 2.3622 -3.2962 0.7671, 2.3622 -3.302 0.763, 2.3622 -3.3059 0.7587, 2.3622 -3.3096 0.7522, 2.3622 -3.3115 0.745, 2.3622 -3.3117 0.7412, 2.3622 -3.3108 0.7342, 2.3622 -3.3083 0.7277, 2.3622 -3.3042 0.7218, 2.3622 -3.302 0.7195, 2.3622 -3.2958 0.7152, 2.3622 -3.2895 0.7127, 2.3622 -3.2842 0.7118, 2.3622 -3.2282 0.7118, 2.3622 -3.1966 0.7185, 2.3622 -3.1677 0.7327, 2.3622 -3.1419 0.7545, 2.3622 -3.123 0.7808, 2.3622 -3.1111 0.8108, 2.3622 -3.5072 0.7801, 2.3622 -3.4993 0.7793, 2.3622 -3.4905 0.7761, 2.3622 -3.4828 0.771, 2.3622 -3.4767 0.7642, 2.3622 -3.4726 0.7564, 2.3622 -3.4704 0.7476, 2.3622 -3.4704 0.7389, 2.3622 -3.4727 0.7298, 2.3622 -3.4771 0.7216, 2.3622 -3.4822 0.7158, 2.3622 -3.4894 0.7106, 2.3622 -3.4977 0.7074, 2.3622 -3.5072 0.7061, 2.3622 -3.5088 0.7062, 2.3622 -3.5173 0.7076, 2.3622 -3.5259 0.7112, 2.3622 -3.5331 0.7168, 2.3622 -3.5386 0.7235, 2.3622 -3.5423 0.7315, 2.3622 -3.5441 0.7404, 2.3622 -3.5436 0.7497, 2.3622 -3.5408 0.7586, 2.3622 -3.5359 0.7664, 2.3622 -3.5322 0.7704, 2.3622 -3.5247 0.7757, 2.3622 -3.5164 0.779, 2.3622 -3.5164 0.779
            ]
        }
        coordIndex [
            0,1,2,-1,3,4,5,-1,6,7,8,-1,9,10,2,-1,2,10,11,-1,2,11,0,-1,5,4,12,-1,13,14,15,-1,15,14,16,-1,15,16,17,-1,18,19,15,-1,15,19,20,-1,15,20,13,-1,13,20,21,-1,22,23,24,-1,24,23,25,-1,24,25,26,-1,26,25,27,-1,26,27,28,-1,28,27,29,-1,28,29,30,-1,30,29,2,-1,30,2,31,-1,31,2,32,-1,33,34,22,-1,22,34,35,-1,22,35,23,-1,17,36,15,-1,15,36,37,-1,15,37,38,-1,38,37,39,-1,38,39,40,-1,41,42,43,-1,43,42,44,-1,43,44,45,-1,45,44,46,-1,45,46,47,-1,47,46,48,-1,6,8,49,-1,49,8,50,-1,49,50,51,-1,51,50,52,-1,51,52,53,-1,4,54,12,-1,12,54,55,-1,12,55,56,-1,56,55,57,-1,56,57,6,-1,6,57,58,-1,6,58,7,-1,21,20,22,-1,22,20,59,-1,22,59,33,-1,60,61,62,-1,62,61,63,-1,62,63,64,-1,64,63,65,-1,64,65,66,-1,66,65,67,-1,66,67,68,-1,68,67,69,-1,68,69,70,-1,32,2,71,-1,71,2,1,-1,71,1,72,-1,46,73,48,-1,48,73,74,-1,48,74,75,-1,75,74,76,-1,75,76,77,-1,77,76,78,-1,77,78,79,-1,79,78,80,-1,79,80,81,-1,81,80,82,-1,81,82,83,-1,83,82,84,-1,83,84,60,-1,60,84,85,-1,60,85,61,-1,86,87,88,-1,88,87,89,-1,88,89,43,-1,43,89,90,-1,43,90,41,-1,91,92,93,-1,93,92,94,-1,93,94,95,-1,95,94,96,-1,95,96,97,-1,97,96,98,-1,97,98,99,-1,99,98,100,-1,99,100,9,-1,9,100,101,-1,9,101,10,-1,40,39,102,-1,102,39,103,-1,102,103,104,-1,104,103,105,-1,104,105,106,-1,106,105,107,-1,106,107,108,-1,108,107,109,-1,108,109,110,-1,110,109,111,-1,110,111,112,-1,112,111,113,-1,112,113,114,-1,114,113,115,-1,114,115,116,-1,116,115,117,-1,116,117,118,-1,118,117,119,-1,118,119,1,-1,1,119,120,-1,1,120,72,-1,53,52,121,-1,121,52,122,-1,121,122,123,-1,123,122,124,-1,123,124,125,-1,125,124,126,-1,125,126,127,-1,127,126,128,-1,127,128,86,-1,86,128,129,-1,86,129,87,-1,5,130,3,-1,3,130,131,-1,3,131,132,-1,132,131,133,-1,132,133,134,-1,134,133,135,-1,134,135,91,-1,91,135,136,-1,91,136,92,-1,137,138,139,-1,69,140,70,-1,70,140,137,-1,70,137,141,-1,141,137,139,-1,142,143,137,-1,137,143,144,-1,137,144,138,-1,145,146,147,-1,146,148,147,-1,147,148,149,-1,147,149,150,-1,142,137,147,-1,147,137,151,-1,147,151,145,-1,152,48,153,-1,153,48,75,-1,153,75,154,-1,154,75,77,-1,154,77,155,-1,155,77,79,-1,155,79,156,-1,152,157,48,-1,48,157,158,-1,48,158,47,-1,47,158,159,-1,47,159,45,-1,45,159,160,-1,45,160,43,-1,43,160,161,-1,43,161,88,-1,88,161,162,-1,88,162,86,-1,127,86,163,-1,163,86,162,-1,163,164,127,-1,127,164,165,-1,127,165,125,-1,125,165,166,-1,125,166,123,-1,123,166,167,-1,123,167,121,-1,121,167,168,-1,121,168,53,-1,53,168,51,-1,51,168,169,-1,51,169,170,-1,51,170,171,-1,51,171,49,-1,49,171,172,-1,49,172,6,-1,6,172,173,-1,6,173,56,-1,56,173,174,-1,56,174,12,-1,12,174,175,-1,12,175,5,-1,5,175,176,-1,5,176,130,-1,130,176,177,-1,130,177,131,-1,131,177,178,-1,131,178,133,-1,179,94,92,-1,133,178,180,-1,133,180,135,-1,135,180,181,-1,135,181,136,-1,181,182,136,-1,136,182,183,-1,136,183,92,-1,92,183,184,-1,92,184,179,-1,94,179,185,-1,94,185,96,-1,96,185,186,-1,96,186,98,-1,98,186,187,-1,98,187,100,-1,100,187,188,-1,100,188,101,-1,101,188,189,-1,101,189,10,-1,10,189,190,-1,10,190,11,-1,11,190,191,-1,11,191,0,-1,191,192,0,-1,0,192,193,-1,0,193,1,-1,1,193,194,-1,1,194,118,-1,118,194,195,-1,118,195,116,-1,195,196,116,-1,116,196,197,-1,116,197,114,-1,114,197,198,-1,114,198,112,-1,199,38,40,-1,112,198,200,-1,201,108,200,-1,200,108,110,-1,200,110,112,-1,201,202,108,-1,108,202,203,-1,108,203,106,-1,106,203,204,-1,106,204,104,-1,104,204,205,-1,104,205,102,-1,102,205,206,-1,102,206,40,-1,40,206,207,-1,40,207,199,-1,15,38,208,-1,208,38,199,-1,18,15,209,-1,209,15,208,-1,19,18,210,-1,210,18,209,-1,20,19,211,-1,211,19,210,-1,20,211,212,-1,20,212,59,-1,59,212,213,-1,59,213,33,-1,33,213,214,-1,33,214,34,-1,34,214,215,-1,34,215,35,-1,35,215,216,-1,35,216,23,-1,23,216,217,-1,23,217,25,-1,25,217,218,-1,25,218,27,-1,27,218,219,-1,27,219,29,-1,29,219,220,-1,29,220,2,-1,2,220,221,-1,2,221,9,-1,9,221,222,-1,9,222,99,-1,99,222,223,-1,99,223,97,-1,97,223,224,-1,97,224,95,-1,95,224,225,-1,95,225,93,-1,91,93,225,-1,225,226,91,-1,91,226,227,-1,91,227,228,-1,229,132,228,-1,228,132,134,-1,228,134,91,-1,229,230,132,-1,132,230,231,-1,132,231,3,-1,3,231,232,-1,3,232,4,-1,4,232,233,-1,4,233,54,-1,54,233,234,-1,54,234,55,-1,55,234,235,-1,55,235,57,-1,57,235,236,-1,57,236,58,-1,58,236,237,-1,58,237,7,-1,7,237,238,-1,7,238,8,-1,8,238,239,-1,8,239,50,-1,50,239,240,-1,50,240,52,-1,52,240,241,-1,52,241,122,-1,122,241,242,-1,122,242,124,-1,124,242,243,-1,124,243,126,-1,126,243,244,-1,126,244,128,-1,128,244,245,-1,128,245,129,-1,129,245,246,-1,129,246,87,-1,87,246,247,-1,87,247,89,-1,89,247,248,-1,89,248,90,-1,90,248,41,-1,41,248,249,-1,41,249,250,-1,42,41,251,-1,251,41,250,-1,42,251,252,-1,42,252,44,-1,44,252,253,-1,44,253,46,-1,46,253,254,-1,46,254,73,-1,73,254,255,-1,73,255,74,-1,74,255,256,-1,74,256,76,-1,256,257,76,-1,76,257,258,-1,76,258,78,-1,78,258,259,-1,78,259,80,-1,80,259,260,-1,80,260,82,-1,82,260,261,-1,82,261,84,-1,84,261,262,-1,84,262,85,-1,85,262,263,-1,85,263,61,-1,61,263,264,-1,61,264,63,-1,63,264,265,-1,63,265,65,-1,65,265,266,-1,65,266,67,-1,69,67,267,-1,267,67,266,-1,69,267,268,-1,69,268,140,-1,140,268,269,-1,140,269,137,-1,137,269,270,-1,137,270,151,-1,151,270,271,-1,151,271,145,-1,145,271,272,-1,145,272,146,-1,146,272,273,-1,146,273,148,-1,148,273,274,-1,148,274,149,-1,149,274,275,-1,149,275,150,-1,150,275,276,-1,150,276,147,-1,147,276,277,-1,147,277,142,-1,142,277,278,-1,142,278,143,-1,143,278,279,-1,143,279,144,-1,144,279,280,-1,144,280,138,-1,138,280,281,-1,138,281,139,-1,139,281,282,-1,139,282,141,-1,141,282,283,-1,141,283,70,-1,70,283,284,-1,70,284,68,-1,66,68,285,-1,285,68,284,-1,66,285,286,-1,66,286,64,-1,64,286,287,-1,64,287,62,-1,62,287,288,-1,62,288,60,-1,60,288,289,-1,60,289,83,-1,83,289,290,-1,83,290,81,-1,81,290,156,-1,81,156,79,-1,21,291,292,-1,21,292,13,-1,13,292,293,-1,13,293,14,-1,14,293,294,-1,14,294,16,-1,16,294,295,-1,16,295,17,-1,17,295,296,-1,17,296,36,-1,36,296,297,-1,36,297,37,-1,37,297,298,-1,37,298,39,-1,39,298,299,-1,39,299,103,-1,103,299,300,-1,103,300,105,-1,105,300,301,-1,105,301,107,-1,107,301,302,-1,107,302,109,-1,109,302,303,-1,109,303,111,-1,111,303,304,-1,111,304,113,-1,113,304,305,-1,113,305,115,-1,115,305,306,-1,115,306,117,-1,117,306,307,-1,117,307,119,-1,119,307,308,-1,119,308,120,-1,120,308,309,-1,120,309,72,-1,72,309,310,-1,72,310,71,-1,71,310,311,-1,71,311,32,-1,32,311,312,-1,32,312,31,-1,31,312,313,-1,31,313,30,-1,30,313,314,-1,30,314,28,-1,28,314,315,-1,28,315,26,-1,26,315,316,-1,26,316,24,-1,24,316,317,-1,24,317,22,-1,22,317,291,-1,22,291,21,-1,
        ]
    }
}
Shape{
    appearance Appearance {
        material  Material 	{
            diffuseColor 0.7529411764705882 0.7529411764705882 0.7529411764705882
            specularColor 0.3764705882352941 0.3764705882352941 0.3764705882352941
            ambientIntensity 0.2
            transparency 0
            shininess 0.5
        }
    }
    geometry IndexedFaceSet {
        ccw TRUE
        solid FALSE
        coord DEF co Coordinate {
            point [
                2.3622 -3.5088 0.7062, 2.3622 -3.5322 0.7704, 2.3622 -3.5359 0.7664, 2.3622 -3.4977 0.7074, 2.3622 -3.4894 0.7106, 2.3622 -3.4993 0.7793, 2.3622 -3.5072 0.7801, 2.3622 -3.5164 0.779, 2.3622 -3.5247 0.7757, 2.3622 -3.5423 0.7315, 2.3622 -3.5386 0.7235, 2.3622 -3.5331 0.7168, 2.3622 -3.5072 0.7061, 2.3622 -3.5408 0.7586, 2.3622 -3.5436 0.7497, 2.3622 -3.5441 0.7404, 2.3622 -3.5259 0.7112, 2.3622 -3.5173 0.7076, 2.3622 -3.4822 0.7158, 2.3622 -3.4771 0.7216, 2.3622 -3.4727 0.7298, 2.3622 -3.4704 0.7389, 2.3622 -3.4704 0.7476, 2.3622 -3.4726 0.7564, 2.3622 -3.4767 0.7642, 2.3622 -3.4828 0.771, 2.3622 -3.4905 0.7761, 2.3622 -3.4905 0.7761
            ]
        }
        coordIndex [
            0,1,2,-1,3,4,5,-1,6,7,0,-1,0,7,8,-1,0,8,1,-1,9,10,2,-1,2,10,11,-1,6,0,5,-1,5,0,12,-1,5,12,3,-1,13,14,2,-1,2,14,15,-1,2,15,9,-1,11,16,2,-1,2,16,17,-1,2,17,0,-1,4,18,5,-1,5,18,19,-1,5,19,20,-1,20,21,5,-1,5,21,22,-1,5,22,23,-1,23,24,5,-1,5,24,25,-1,5,25,26,-1,
        ]
    }
}